ID,Answer
0,super
1,super
2,super
3,super
4,super
5,super
6,super
7,super
8,super
9,super
10,super
11,super
12,super
13,super
14,super
15,super
16,super
17,super
18,super
19,super
20,super
21,super
22,the
23,the
24,the
25,the
26,the
27,the
28,the
29,the
30,the
31,the
32,the
33,the
34,the
35,the
36,the
37,the
38,the
39,the
40,the
41,the
42,the
43,the
44,the
45,the
46,the
47,the
48,the
49,the
50,the
51,the
52,the
53,the
54,the
55,the
56,the
57,the
58,the
59,c
60,c
61,c
62,c
63,in
64,in
65,the
66,levisstadium.
67,the
68,the
69,the
70,the
71,levisstadium.
72,the
73,the
74,the
75,the
76,the
77,the
78,the
79,the
80,onmaytwentyfirsttwentythirteennflownersthattheirspringmeetingsinbostonvotedandawardedthegametolevisstadium.
81,on
82,levisstadium.
83,on
84,levisstadium.
85,for
86,for
87,for
88,for
89,for
90,for
91,for
92,for
93,for
94,for
95,for
96,for
97,for
98,despite
99,despite
100,despite
101,despite
102,despite
103,despite
104,despite
105,despite
106,despite
107,despite
108,despite
109,despite
110,the
111,the
112,the
113,the
114,the
115,the
116,the
117,the
118,the
119,the
120,the
121,the
122,the
123,following
124,following
125,following
126,following
127,following
128,following
129,following
130,following
131,following
132,following
133,following
134,following
135,following
136,following
137,following
138,manning
139,manning
140,manning
141,manning
142,manning
143,manning
144,manning
145,manning
146,manning
147,the
148,the
149,the
150,the
151,the
152,the
153,the
154,the
155,the
156,the
157,the
158,the
159,the
160,the
161,the
162,the
163,the
164,the
165,the
166,the
167,the
168,the
169,the
170,the
171,the
172,the
173,the
174,carolina
175,carolina
176,carolina
177,carolina
178,carolina
179,carolina
180,carolina
181,carolina
182,peyton
183,peyton
184,peyton
185,peyton
186,peyton
187,peyton
188,peyton
189,peyton
190,peyton
191,this
192,this
193,this
194,this
195,this
196,with
197,with
198,with
199,with
200,with
201,with
202,with
203,concerns
204,concerns
205,concerns
206,concerns
207,concerns
208,concerns
209,concerns
210,concerns
211,concerns
212,as
213,as
214,as
215,as
216,as
217,as
218,as
219,as
220,as
221,as
222,the
223,the
224,the
225,the
226,the
227,the
228,the
229,the
230,the
231,the
232,on
233,on
234,on
235,on
236,on
237,on
238,on
239,on
240,on
241,various
242,various
243,various
244,various
245,various
246,sanfrancisco.
247,the
248,the
249,the
250,the
251,in
252,in
253,in
254,in
255,in
256,in
257,in
258,in
259,the
260,the
261,the
262,sanjose.
263,goldengatebridge.
264,thegamesmediadaywhichwastypicallyheldonthetuesdayafternoonpriortothegamewasmovedtothemondayeveninghenrybrandedassuperbowlopeningnight.
265,the
266,thegamesmediadaywhichwastypicallyheldonthetuesdayafternoonpriortothegamewasmovedtothemondayeveninghenrybrandedassuperbowlopeningnight.
267,sanjose.
268,sanjose.
269,the
270,superbowlopeningnight.
271,sanjose.
272,goldengatebridge.
273,openingnight.
274,superbowlopeningnight.
275,sanjose.
276,goldengatebridge.
277,for
278,dignityhealth.
279,
280,for
281,for
282,for
283,the
284,in
285,in
286,in
287,in
288,in
289,in
290,in
291,thesidelines.
292,in
293,in
294,on
295,johnsutcliffe.
296,on
297,on
298,
299,on
300,c
301,c
302,c
303,c
304,as
305,c
306,c
307,c
308,c
309,c
310,click
311,click
312,click
313,click
314,click
315,click
316,click
317,twentieth
318,twentieth
319,twentieth
320,twentiethcenturyfoxlionsgateparamountpicturesuniversalstudiosinwaltdisneystudioscamefromthethetrailerstobeairedduringthesuperbowl.
321,twentieth
322,twentieth
323,twentieth
324,twentieth
325,westwood
326,westwood
327,westwood
328,westwood
329,westwood
330,the
331,chestersouthcarolina.
332,the
333,the
334,in
335,in
336,in
337,in
338,in
339,in
340,in
341,in
342,in
343,six
344,six
345,six
346,six
347,six
348,six
349,six
350,six
351,six
352,in
353,in
354,in
355,in
356,denver
357,andrecaldwell.
358,denver
359,denver
360,adeficit.
361,denver
362,receiverandrecaldwell.
363,denver
364,denver
365,after
366,after
367,after
368,after
369,after
370,after
371,after
372,after
373,after
374,on
375,on
376,on
377,on
378,on
379,on
380,on
381,on
382,the
383,the
384,corybrown.
385,there
386,with
387,with
388,with
389,with
390,with
391,with
392,with
393,with
394,with
395,with
396,manning
397,manning
398,manning
399,manning
400,manning
401,manning
402,manning
403,manning
404,manning
405,manning
406,manning
407,manning
408,manning
409,super
410,super
411,super
412,super
413,super
414,super
415,super
416,nobelprize.
417,one
418,sevenmonthsold.
419,the
420,the
421,otterbeaverandhundredsofbirdspecies.
422,there
423,tocleanthemofplantsandsentiments.
424,demographic
425,demographic
426,the
427,the
428,another
429,like
430,like
431,improvedmarkedly.
432,today
433,today
434,today
435,thanks
436,thanks
437,thanks
438,thanks
439,nearby
440,several
441,
442,several
443,as
444,as
445,arms.
446,ill
447,ill
448,lastweekendofseptember.
449,their
450,the
451,the
452,the
453,depthsoftheoceansandseas.
454,the
455,the
456,warsaw.
457,in
458,in
459,in
460,the
461,the
462,the
463,unescoworldheritagesite.
464,the
465,luxuriousparksandroyalgardens.
466,were
467,were
468,religiousfreedominthepolishlithuaniancommonwealth.
469,in
470,wars
471,warsaw
472,afterthegermaninvasionofpolandonthefirstofseptembernineteenthirtyninebeganthesecondworldwarwarsawwasdefendedtillseptembertwentyseventh.centralpolandincludingwarsawcameundertheruleofthegeneralgovernmentthegermannazicolonialadministration.
473,almostamonth.
474,warsaw.
475,by
476,after
477,john
478,john
479,incentiveforthedemocraticchanges.
480,warsaw
481,wore
482,warsawescarpment.
483,the
484,
485,the
486,pineforest.
487,theturbulenthistoryofthecityandcountry.
488,warsaw
489,warsaw
490,warsaw
491,
492,gothic
493,gothic
494,gothic
495,building
496,building
497,exceptional
498,exceptional
499,exceptional
500,exceptional
501,there
502,there
503,there
504,there
505,other
506,the
507,the
508,in
509,in
510,thebasicunitofterritorialdivisionincallingtothecommunenina.
511,legislative
512,legislativepowerinworesizevestedintheyannickyeahmerlewarsawcitycouncilradhamehastawhichcomprisessixteenmembers.councilmembersareelecteddirectlyeveryfouryears.
513,legislative
514,president.
515,the
516,warsaw
517,warsaw
518,the
519,holland.
520,holland.
521,thenormansnormannormansfrenchnormanslatinnormaniwerethepeoplewhointhetenthandeleventhcenturyitgavetheirnametonormandytheregioninfrance.
522,the
523,the
524,the
525,the
526,the
527,in
528,the
529,the
530,the
531,op
532,op
533,the
534,from
535,institutional
536,some
537,several
538,the
539,the
540,battleofhastings.
541,eventually
542,the
543,the
544,one
545,norman
546,even
547,evenbeforethenormanconquestofenglandthenormanshavecomeintocontactwithwhales.edwardthekingfasterhadsetuptheaforementionedralphisearlofherefordandchargedhimwithdefendingthemarchesandwarringwiththewelsh.
548,subsequent
549,in
550,in
551,various
552,while
553,while
554,africa.
555,channelislands.
556,the
557,norman
558,norman
559,kingdomofsicily.
560,in
561,by
562,in
563,at
564,at
565,nicola
566,nicola
567,nicola
568,thomasedisoninnewyorkcity.
569,tesla
570,tesla
571,tesla
572,tesla
573,newyorkcity.
574,tesla
575,tesla
576,tesla
577,tesla
578,ke
579,kesslerwasrenownedforhisachievementsinshowmanshipeventuallyearninghimthereputationinpopularcultureisanarchetypeallmadscientists.
580,ke
581,croatia.
582,serbianorthodoxpriests.
583,tesla
584,serbianorthodoxpriests.
585,geneticsandinfluence.
586,tesla
587,tesla
588,germanarithmeticandreligion.
589,pastor.
590,in
591,
592,cheating.
593,in
594,in
595,in
596,in
597,in
598,enterthepriesthood.
599,in
600,in
601,in
602,in
603,
604,in
605,in
606,in
607,in
608,in
609,in
610,overwork.
611,in
612,gambling.
613,overwork.
614,hedroppedoutofschool.
615,in
616,in
617,in
618,in
619,factthathedroppedoutofschool.
620,in
621,in
622,stroke.
623,on
624,on
625,
626,in
627,in
628,in
629,in
630,in
631,ineighteeneightywonteslamovetobudapesttoworkondearfriendshaskinssaidatelegraphcompanythebudapesttelephoneexchange.
632,
633,in
634,in
635,budapesttelephoneexchange.
636,chiefelectricianposition.
637,in
638,in
639,in
640,in
641,in
642,in
643,in
644,ke
645,ke
646,ke
647,ke
648,after
649,the
650,the
651,the
652,in
653,in
654,in
655,in
656,one
657,
658,one
659,constantlyservicingandreplacingmechanicalbrushes.
660,in
661,in
662,in
663,in
664,in
665,in
666,in
667,in
668,during
669,during
670,during
671,during
672,during
673,test
674,test
675,test
676,test
677,test
678,test
679,test
680,in
681,in
682,in
683,in
684,in
685,in
686,in
687,in
688,generalelectric.
689,in
690,in
691,on
692,on
693,teslacoil.
694,theteslacoil.
695,on
696,tesla
697,tesla
698,tesla
699,tesla
700,starting
701,starting
702,starting
703,in
704,in
705,in
706,in
707,variouscauses.
708,
709,tesla
710,tesla
711,at
712,tesla
713,on
714,on
715,nationalelectriclightassociation.
716,ke
717,ke
718,ineighteenninetyeightteslademonstratedtheradiocontrolledboatwhichshedadtellyatomattintothepublicduringanelectricalexhibitionatmadisonsquaregarden.
719,ineighteenninetyeightteslademonstratedtheradiocontrolledboatwhichshedadtellyatomattintothepublicduringanelectricalexhibitionatmadisonsquaregarden.
720,in
721,in
722,in
723,on
724,
725,tesla
726,tesla
727,teslainvestigatedatmosphericelectricityobservinglightningsignalsviahisreceivers.hestatedthatheobservedstationarywavesduringthistime.thegreatdistancesandthenatureofwhatteslawithdetectingfromlightningstormsconfirmedhisbeliefthattheearthhadaresonantfrequency.
728,he
729,
730,he
731,poweroutage.
732,whileexperimentingkesslerinadvertentlyfalltothepowerstationgeneratorcausingapoweroutage.
733,duringhistimeathislabteslaobservedunusualsignalsfromhisreceiverwhichheconcludedmaybecommunicationsfromanotherplanet.
734,mars.
735,during
736,coloradospringsexperiments.
737,ineighteenninetyninejohnjacobastoridbeinvestedonehundreddollarscoelhoforteslatofurtherdevelopandproduceanewlightingsystem.
738,on
739,on
740,the
741,longisland.
742,ke
743,ke
744,ke
745,ke
746,ke
747,tesla
748,tesla
749,beforeworldwarikesslersideoverseasinvestors.afterthewarstartedteslalostthefindinghewasreceivingfromhispatentsineuropeancountries.
750,beforeworldwarikesslersideoverseasinvestors.afterthewarstartedteslalostthefindinghewasreceivingfromhispatentsineuropeancountries.
751,before
752,in
753,in
754,radar.
755,on
756,there
757,in
758,in
759,starting
760,
761,in
762,in
763,in
764,mineraldeposits.
765,in
766,in
767,in
768,later
769,deathray.
770,innineteenthirtysevenataluncheoninhishonorconcerningthedeathrayteslastatedwhenitisnotanexperiment.
771,in
772,in
773,in
774,during
775,belgrade.
776,belgrade.
777,during
778,during
779,during
780,emptyhanded.
781,on
782,coronarythrombosis.
783,twodayslaterthefbiorderedthealienpropertycustodiantoseizekesslersbelongingseventhoughteslawasanamericancitizen.
784,two
785,twodayslaterthefbiorderedthealienpropertycustodiantoseizekesslersbelongingseventhoughteslawasanamericancitizen.
786,on
787,on
788,in
789,
790,in
791,tesla
792,hisbraincells.
793,braincells.
794,in
795,in
796,one.
797,near
798,near
799,near
800,near
801,ke
802,ke
803,ke
804,ke
805,ke
806,ke
807,during
808,tesla
809,tesla
810,tesla
811,ke
812,ke
813,tesla
814,tesla
815,tesla
816,tesla
817,tesla
818,tesla
819,tesla
820,tesla
821,tesla
822,tesla
823,tesla
824,ke
825,ke
826,teslalikemanyofhiserabecameaproponentofanimposedselectivebreedingversionofeugenics.
827,tesla
828,in
829,in
830,tesla
831,tesla
832,ke
833,kesslerwasraisedinorthodoxchristian.laterinhislifehedidnotconsiderhimselftobeabelieverintheorthodoxsenseandopposedreligiousfanaticism.
834,however
835,ke
836,ke
837,many
838,ke
839,ke
840,and
841,electricalpowergeneration.
842,alberteinstein.
843,computational
844,computationalcomplexitytheoryisabranchofthetheoryofcompetitionintheoreticalcomputersciencethatfocusesonclassifyingcomputationalproblemsaccordingtotheirinherentdifficultyandrelatingthoseclassestoeachother.
845,computational
846,the
847,the
848,closely
849,closely
850,but
851,but
852,but
853,but
854,but
855,
856,when
857,when
858,when
859,decision
860,decisionproblemsareoneofthecentralobjectofstudyingcomputationalcomplexitytheory.thedecisionproblemisaspecialtypeofcomputationalproblemshisansweriseitheryesornooralternatelyeitheroneorzero.
861,decision
862,decision
863,an
864,an
865,a
866,a
867,a
868,it
869,it
870,to
871,tomeasurethedifficultyofsolvingacomputationalproblemswhentheywishtoseehowmuchtimethebestalgorithmrequirestosolvetheproblem.howevertherunningtimemayingeneraldependontheinstance.
872,asafunctionofthesizeoftheinstance.
873,
874,if
875,but
876,but
877,but
878,i
879,randomizedalgorithms.
880,many
881,many
882,randomaccessmachines.
883,randomaccessmachines.
884,moreunusualresources.
885,however
886,however
887,yesorno.
888,somecriteria.
889,for
890,and
891,computationalresource.
892,and
893,and
894,thebestworsethanaveragecasecomplexityreferredtothreedifferentwaysofmeasuringthetimecomplexityoranyothercomplexitymeasureofdifferentinputsofthesamesize.
895,thebestworsethanaveragecasecomplexityreferredtothreedifferentwaysofmeasuringthetimecomplexityoranyothercomplexitymeasureofdifferentinputsofthesamesize.
896,the
897,for
898,themostefficientalgorithmssolvingagivenproblem.
899,algorithms.
900,to
901,to
902,upperandlowerbouncerusuallystatedusingthattheygonotationwhichhidesconstantfactorsinsmallerterms.
903,of
904,of
905,of
906,dependonthechosenmachinemodel.
907,but
908,but
909,many
910,many
911,other
912,other
913,other
914,for
915,for
916,reduction.
917,many
918,many
919,the
920,problemofmultiplyingtointegers.
921,thetypeofreductionbeingused.
922,this
923,ax.thatsnoproblemincisharderthanxsinceannouncerreadthemforxallowsustosolveanyprobleminc.
924,if
925,the
926,thequestionofwhetherheequalsandheisoneofthemostimportantopenquestionsintheoreticalcomputersciencebecauseofthewiderimplicationsofthesolution.iftheanswerisyesmanyimportantproblemscanbeshowntohavemoreefficientsolutions.
927,the
928,it
929,the
930,theintegerfactoriesasianproblemisthecomputationalproblemsofdeterminingtheprimefactorisasianofagiveninteger.phrasedasadecisionproblemistheproblemofdecidingwhethertheinputhasafactorlessthank.
931,many
932,many
933,anykeyproblems.
934,along
935,along
936,similarly
937,similarly
938,distinctorequalclasses.
939,intractableproblems.
940,when
941,before
942,before
943,before
944,as
945,as
946,eventhoughsomeproofsofcomplexitytheoreticallyaaronsregularlyassumesomeconcretechoiceinlettingcuttingonetriestokeepthediscussionabstractenoughtobeindependentofthechoiceofencoding.
947,thecurriculum.
948,the
949,universityorcollege.
950,the
951,the
952,theteachersrolemayvaryamongcultures.
953,the
954,the
955,in
956,insomecountriesformaleducationcantakeplacethroughhomeschooling.
957,in
958,in
959,in
960,religious
961,religious
962,religious
963,paidprofessionals.
964,homeschoolingorinthewidercommunity.formalteachingmaybecarriedoutbypaidprofessionals.
965,teaching
966,i
967,extracurricularactivities.
968,formalteaching.
969,i
970,there
971,there
972,there
973,there
974,
975,the
976,the
977,the
978,the
979,the
980,tutor.
981,tutor.
982,outdoors.
983,ineducationteachersfacilitatestudentlearningoftenintheschooloracademyorperhapsinanotherenvironmentsuchasoutdoors.
984,the
985,pedagogy.
986,the
987,the
988,the
989,therelevantauthority.
990,the
991,the
992,particularskills.
993,teaching
994,teaching
995,teaching
996,teaching
997,perhapsthemostsignificantdifferencebetweenprimaryschoolinsecondaryschoolteachingistherelationshipbetweenteachersandchildren.
998,perhapsthemostsignificantdifferencebetweenprimaryschoolinsecondaryschoolteachingistherelationshipbetweenteachersandchildren.
999,perhaps
1000,perhaps
1001,perhaps
1002,this
1003,this
1004,this
1005,this
1006,cut
1007,
1008,tocreateaclimateoflearning.
1009,cut
1010,corporalpunishment.
1011,throughout
1012,throughout
1013,throughout
1014,throughout
1015,in
1016,in
1017,in
1018,in
1019,in
1020,thirty
1021,thirty
1022,thirty
1023,theprincipalsoffice.
1024,official
1025,official
1026,official
1027,currently
1028,currently
1029,currently
1030,quietly.
1031,currently
1032,im
1033,im
1034,
1035,im
1036,whilst
1037,whilst
1038,whilst
1039,its
1040,its
1041,its
1042,its
1043,whatisbeingtaught.
1044,sudbury
1045,sudbury
1046,sudbury
1047,sudbury
1048,sudbury
1049,since
1050,since
1051,since
1052,teachers
1053,teachers
1054,teachers
1055,there
1056,there
1057,there
1058,researchshowsthatskinandmotivationandattitudestowardschoolarecloselylinkedtostudentteacherrelationships.enthusiasticteachersareparticularlygoodatcreatingbeneficialrelationswiththeirstudents.
1059,thegoalshereceivesfromhissuperior.
1060,students
1061,students
1062,students
1063,thewayateacherpromotesthecoursetheyreteachingthemorthestudentwillgetoutofthesubjectmatter.thethreemostimportantaspectsofteacherenthusiasmourenthusiasmaboutteachingenthusiasmaboutthestudentsandenthusiasmaboutthesubjectmatter.
1064,the
1065,the
1066,the
1067,the
1068,misconductbyteachersespeciallysexualmisconducthasbeengettingincreasedscrutinyfromthemediaandthecourts.
1069,misconduct
1070,misconduct
1071,a
1072,in
1073,intheunitedstatesespeciallyseveralhighprofilecasessuchasdeborahlefavepamelarogersandmarykayletourneauhavecausedincreasedscrutinyonteachermisconduct.
1074,chris
1075,ashortageofmaleteachers.
1076,chris
1077,teachers
1078,teachers
1079,teachers
1080,teachers
1081,but
1082,but
1083,there
1084,there
1085,there
1086,there
1087,universityorcollege.
1088,there
1089,there
1090,educationinaustraliaisprimarilytheresponsibilityoftheindividualstatesandterritories.
1091,education
1092,education
1093,education
1094,teaching
1095,in
1096,in
1097,gymnasium.
1098,salaries
1099,teachers
1100,from
1101,salaries
1102,many
1103,many
1104,many
1105,many
1106,in
1107,in
1108,in
1109,in
1110,for
1111,education
1112,education
1113,education
1114,teachers
1115,teachersinwalescanberegisteredtomembersoftradeunionssuchashaitialneithernowceilingreportsinrecentyearssuggestthattheaverageageofteachersinwalesasfallingwithteachersbeingyoungerthaninpreviousyears.
1116,teachers
1117,teachers
1118,intheunitedstateseachstatedeterminestherequirementsforgettingalicensetoteachinpublicschools.
1119,tenyears.
1120,in
1121,in
1122,nochildleftbehind.
1123,relativelylowsalaries.
1124,in
1125,there
1126,there
1127,there
1128,in
1129,in
1130,in
1131,in
1132,in
1133,in
1134,inhinduismthespiritualteacherisknownasaguruandinmanytraditionsofhinduismespeciallythosecommoninthewesttheemphasisonspiritualmentorshipisextremelyhighwithgurusoffandexercisingagreatdealofcontroloverthelivesoftheirdisciples.
1135,in
1136,llama.
1137,in
1138,in
1139,martin
1140,thelatemedievalcatholicchurch.
1141,martin
1142,martin
1143,luther
1144,luther
1145,luther
1146,luther
1147,his
1148,his
1149,his
1150,protestantclergytomarry.
1151,theholyromanempire.
1152,
1153,lawyer.
1154,infifteenhourwindattheageofnineteenheenteredtheuniversityofherforwhichhelaterdescribedasabeerhouseandwhorehouse.
1155,in
1156,in
1157,experience.
1158,in
1159,he
1160,
1161,witherseducation.
1162,deepspiritualdespair.
1163,luther
1164,luther
1165,in
1166,on
1167,theuniversityofwittenberg.
1168,on
1169,in
1170,in
1171,luther
1172,luther
1173,he
1174,he
1175,he
1176,he
1177,he
1178,howeverthisoftquotedsayingoftemplewasbynomeansrepresentativeofcontemporarycatholicteachingonintelligencesaysbutratherareflectionofhiscapacitytoexaggerate.
1179,however
1180,however
1181,according
1182,according
1183,printingpress.
1184,it
1185,it
1186,it
1187,the
1188,from
1189,
1190,from
1191,from
1192,god.
1193,lutherkingtounderstandjustificationisentirelytheworkofgod.
1194,faith.
1195,lou
1196,lou
1197,lou
1198,archbishop
1199,rome.
1200,archbishop
1201,archbishop
1202,pope
1203,pope
1204,injanuaryfifteenthnineteenatalltoburginsaxonythepapalnunciokarlvonmeltedadoptedamoreconciliatoryapproach.luthermadecertainconcessionstothesaxonwhowasarelativeoftheelectorsandpromisedtoremainsilentifhisopponentsdead.
1205,secularauthorities.
1206,the
1207,the
1208,johanvandespeakingonbehalfoftheempireisassistingofthearchbishopoftreanorpresentandlutherwithcopiesofhiswritingslaidoutonthetableandaskedhimifthebookswhereheisandwhetherhestoodbytheircontents.
1209,thenextday.
1210,johanvandespeakingonbehalfoftheempireisassistingofthearchbishopoftreanorpresentandlutherwithcopiesofhiswritingslaidoutonthetableandaskedhimifthebookswhereheisandwhetherhestoodbytheircontents.
1211,at
1212,recanthiswritings.
1213,luther
1214,luther
1215,luther
1216,overthenextfivedaysprivateconferenceswereheldtodeterminelootersfate.
1217,over
1218,over
1219,but
1220,but
1221,but
1222,insane.
1223,in
1224,in
1225,aplacewherejusticeresides.
1226,in
1227,in
1228,in
1229,in
1230,in
1231,in
1232,luther
1233,luther
1234,luther
1235,luther
1236,luther
1237,immediate.
1238,the
1239,theeffectofwithersinterventionwasimmediate.
1240,the
1241,luther
1242,luther
1243,fomentingsocialunrestandviolence.
1244,
1245,despite
1246,
1247,despite
1248,temporalauthorities.
1249,
1250,luther
1251,luther
1252,luther
1253,luther
1254,luther
1255,luther
1256,withoutlivetheresbackingfortheuprisingmanyrebelslaiddowntheirweaponsothersfeltbetrayed.
1257,thesecularpowers.
1258,on
1259,on
1260,on
1261,some
1262,some
1263,some
1264,some
1265,some
1266,farmingthelandandtakinginborders.
1267,luther
1268,luther
1269,luther
1270,borders.
1271,by
1272,by
1273,by
1274,by
1275,extremechange.
1276,to
1277,to
1278,to
1279,thetemporalsovereign.
1280,in
1281,in
1282,in
1283,
1284,luther
1285,luther
1286,christiandoctrine.
1287,teaching.
1288,luther
1289,luther
1290,
1291,luther
1292,the
1293,the
1294,the
1295,the
1296,thebible.
1297,luther
1298,luther
1299,luther
1300,
1301,luther
1302,but
1303,but
1304,but
1305,but
1306,but
1307,but
1308,but
1309,bibletranslation.
1310,luther
1311,luther
1312,luther
1313,lou
1314,lou
1315,lou
1316,lou
1317,lou
1318,specificcatechismquestions.
1319,lou
1320,luther
1321,luther
1322,lou
1323,lou
1324,lou
1325,lou
1326,lou
1327,lou
1328,in
1329,in
1330,in
1331,
1332,the
1333,but
1334,dreams.
1335,doctrinalunityintheemergingprotestantstates.
1336,in
1337,in
1338,the
1339,the
1340,
1341,despite
1342,some
1343,reason.
1344,some
1345,some
1346,some
1347,in
1348,jewishconversiontochristianity.
1349,in
1350,at
1351,at
1352,at
1353,thepapacyandtheromanchurch.
1354,at
1355,latintranslationofthekoran.
1356,in
1357,in
1358,in
1359,godswrathtochristians.
1360,early
1361,early
1362,early
1363,in
1364,in
1365,
1366,ontheotherhandlutheralsopointsoutthatthetencommandmentswhenconsiderednotasgodscondemningjudgmentthatitsanexpressionofhiseternalwellthatisofthenaturallawalsopositivelyteachhowthechristiannottolive.
1367,on
1368,on
1369,on
1370,
1371,the
1372,the
1373,the
1374,from
1375,from
1376,from
1377,luther
1378,luther
1379,luther
1380,luther
1381,luther
1382,lou
1383,lou
1384,
1385,lettheirspokeoutagainstthejewsinsaxonybrandenburginsilesia.
1386,let
1387,lou
1388,lou
1389,lou
1390,on
1391,opportunistic.
1392,at
1393,at
1394,at
1395,other
1396,other
1397,some
1398,
1399,some
1400,some
1401,buttherehadbeensufferingfromillhealthforyearsincludingmanyyearsdiseaseforagofaintingcandidatesandthecataractinoneeye.fromfifteenthirtywanttofifteenfortysexhishealthdeterioratedfurther.
1402,but
1403,but
1404,but
1405,he
1406,he
1407,he
1408,his
1409,his
1410,his
1411,lou
1412,lou
1413,chestpains.
1414,the
1415,an
1416,an
1417,apieceofpaperwaslaterfoundonwhichlutherhadwrittenhislaststatement.
1418,a
1419,in
1420,in
1421,in
1422,
1423,lou
1424,lou
1425,southern
1426,southern
1427,historicalpoliticaldivisions.
1428,the
1429,the
1430,southern
1431,southern
1432,southern
1433,to
1434,to
1435,to
1436,within
1437,within
1438,within
1439,within
1440,its
1441,its
1442,its
1443,its
1444,its
1445,the
1446,the
1447,the
1448,the
1449,the
1450,southern
1451,southern
1452,southern
1453,many
1454,many
1455,many
1456,openspaces.
1457,thetensouthernmostcountiesofthestate.
1458,southern
1459,though
1460,though
1461,though
1462,though
1463,subsequently
1464,subsequently
1465,subsequently
1466,in
1467,in
1468,in
1469,the
1470,the
1471,the
1472,southern
1473,southern
1474,
1475,
1476,southern
1477,camppendleton.
1478,traveling
1479,traveling
1480,allocate.
1481,southern
1482,southern
1483,southern
1484,southern
1485,southern
1486,southern
1487,southern
1488,southern
1489,each
1490,overtwentybilliondollars.
1491,many
1492,many
1493,southern
1494,southern
1495,southern
1496,as
1497,southern
1498,southern
1499,southern
1500,los
1501,los
1502,los
1503,sanbernardinoandriverside.
1504,southern
1505,southern
1506,southern
1507,southern
1508,southern
1509,since
1510,since
1511,since
1512,majorbusinessdistricts.
1513,southern
1514,southern
1515,within
1516,longbeach.
1517,sanfernandovalley.
1518,within
1519,the
1520,the
1521,the
1522,orange
1523,universityofcaliforniairvine.
1524,orange
1525,orange
1526,orange
1527,downtown
1528,downtown
1529,downtown
1530,downtown
1531,southern
1532,southern
1533,southern
1534,southern
1535,southern
1536,six
1537,six
1538,six
1539,southern
1540,southern
1541,southern
1542,the
1543,the
1544,professional
1545,professional
1546,professional
1547,from
1548,college
1549,college
1550,randy
1551,randy
1552,randyisalsoagrowingsportinsoutherncaliforniaparticularlyatthehighschoollevelwithincreasingnumbersofschoolsaddingrugbyasanofficialschoolsport.
1553,following
1554,following
1555,while
1556,while
1557,he
1558,ciscosystemscompany.
1559,ciscosystemscompany.
1560,skyclass.
1561,in
1562,in
1563,in
1564,the
1565,the
1566,sky
1567,sky
1568,
1569,this
1570,when
1571,on
1572,on
1573,virginmedia.
1574,englishpremierleaguefootballfilmsentertainmentandnews.
1575,provided
1576,provided
1577,in
1578,yes
1579,yes
1580,yes
1581,this
1582,open.
1583,pu
1584,pu
1585,this
1586,the
1587,essentials.
1588,the
1589,the
1590,betrayamanspresenceinthehousehold.
1591,the
1592,
1593,the
1594,the
1595,the
1596,the
1597,the
1598,newsouthwales.
1599,in
1600,in
1601,years.
1602,everyfouryears.
1603,the
1604,the
1605,the
1606,the
1607,the
1608,victoria
1609,victoria
1610,victoria
1611,victoria
1612,prior
1613,victoria
1614,victoria
1615,thevictoriadepartmentofeducation.
1616,victorian
1617,victorian
1618,victorian
1619,historically
1620,victoria
1621,the
1622,the
1623,rail
1624,rail
1625,rail
1626,rail
1627,rail
1628,politically
1629,politically
1630,on
1631,on
1632,victoria
1633,asia.
1634,mountainousareas.
1635,there
1636,after
1637,after
1638,sydney.
1639,in
1640,the
1641,the
1642,the
1643,thepremierofvictoriaistheleaderofthepoliticalpartyorcoalitionwiththemostseatsinthelegislativeassembly.thepremieristhepublicfaceofgovernmentandwithcabinetsetsthelegislativeandpoliticalagenda.cabinetconsistsofrepresentativeselectedtoeitherhouseofparliament.
1644,major
1645,major
1646,major
1647,major
1648,qcannotnumberskeepnearanestimatedtwomillionbyfifteensixtytwoconcentratedmainlyinthesouthernandcentralpartsoffranceaboutoneathenumberoffrenchcatholics.
1649,attorney
1650,attorney
1651,the
1652,the
1653,capetown.
1654,capetown.
1655,individual
1656,barred
1657,in
1658,edmundbellinger.
1659,charlestonsouthcarolina.
1660,stat
1661,stat
1662,the
1663,the
1664,the
1665,by
1666,by
1667,approximately
1668,approximately
1669,approximately
1670,cuba
1671,cuba
1672,cuba
1673,cuba
1674,after
1675,in
1676,other
1677,other
1678,other
1679,other
1680,and
1681,and
1682,and
1683,the
1684,the
1685,the
1686,the
1687,the
1688,the
1689,therevocationforbadeprotestantservicesrequirededucationofchildrenascatholicsandprohibitedemigration.
1690,therevocationforbadeprotestantservicesrequirededucationofchildrenascatholicsandprohibitedemigration.
1691,the
1692,newconverts.
1693,many
1694,many
1695,many
1696,many
1697,cholera
1698,cholera
1699,cholera
1700,since
1701,since
1702,since
1703,in
1704,after
1705,jacksonvilleflorida.
1706,in
1707,in
1708,french
1709,french
1710,
1711,inseventeenhundredseveralhundredfrenchyoucannotsuemigratedfromenglandtothecolonyofvirginiawheretheenglishcrownhadpromisedthemlandgrantsinlowernorfolkcounty.
1712,since
1713,since
1714,since
1715,following
1716,
1717,following
1718,the
1719,the
1720,the
1721,the
1722,some
1723,but
1724,in
1725,louis
1726,louis
1727,new
1728,most
1729,most
1730,most
1731,one
1732,uslibraryofcongress.
1733,the
1734,sohosquare.
1735,around
1736,frederick
1737,frederick
1738,steam
1739,steam
1740,steam
1741,steam
1742,the
1743,the
1744,southwales.
1745,the
1746,steamlocomotives.
1747,
1748,is
1749,is
1750,marinetripleexpansionengines.
1751,is
1752,in
1753,in
1754,lead
1755,lead
1756,manuallysuppressthefire.
1757,
1758,in
1759,in
1760,in
1761,in
1762,the
1763,greekmathematicianheroofalexandria.
1764,the
1765,near
1766,near
1767,near
1768,near
1769,near
1770,the
1771,the
1772,the
1773,steamturbines.
1774,combustionchamberfirebox.
1775,the
1776,the
1777,steamengineindicator.
1778,the
1779,the
1780,the
1781,in
1782,in
1783,in
1784,yeah
1785,and
1786,and
1787,and
1788,the
1789,the
1790,the
1791,workingfluid.
1792,the
1793,steam
1794,steam
1795,stanleysteamer.
1796,steam
1797,anincreaseinthelandavailableforcultivation.
1798,middletonrailway.
1799,stocktonanddarlingtonrailway.
1800,the
1801,the
1802,the
1803,the
1804,the
1805,the
1806,the
1807,the
1808,the
1809,thehistoricalmeasureofthesteamenginesenergyefficiencywithitsduty.
1810,rec
1811,rec
1812,rec
1813,rec
1814,the
1815,around
1816,transportapplications.
1817,around
1818,although
1819,where
1820,where
1821,the
1822,the
1823,the
1824,operationsrequiringconstantspeedsuchascottonspinning.
1825,the
1826,complicated.
1827,the
1828,the
1829,thesimplestofalgiersgiveadvanceoffixedlengthduringtheenginecycleandoftenmaketheenginerotatedonlyonedirection.
1830,using
1831,esteem
1832,esteem
1833,the
1834,solarelectricmotors.
1835,the
1836,the
1837,the
1838,it
1839,it
1840,the
1841,the
1842,the
1843,steam
1844,the
1845,the
1846,theseparatecondenser.
1847,the
1848,one
1849,other
1850,other
1851,land
1852,land
1853,land
1854,virtually
1855,virtually
1856,anelectricalgenerator.
1857,virtually
1858,the
1859,the
1860,the
1861,oxygen
1862,oxygen
1863,oxygen
1864,oxygen
1865,
1866,oxygen
1867,oxygen
1868,many
1869,many
1870,many
1871,many
1872,many
1873,many
1874,many
1875,many
1876,in
1877,in
1878,in
1879,in
1880,in
1881,in
1882,in
1883,one
1884,philobyzantium.
1885,philobyzantium.
1886,oneofthefirstknownexperimentsontherelationshipbetweencombustionthentherewasconductedbythesecondcenturybcgreekwriteronmechanicsphilobyzantium.
1887,byzantium.
1888,respiration.
1889,highly
1890,highly
1891,highly
1892,highly
1893,highly
1894,rapidcombustion.
1895,highly
1896,highly
1897,concentratedontwowillallowcombustiontoproceedrapidlyandenergetically.
1898,energetically.
1899,concentratedontwowillallowcombustiontoproceedrapidlyandenergetically.
1900,concentratedontwowillallowcombustiontoproceedrapidlyandenergetically.
1901,concentrated
1902,oxygen
1903,oxygen
1904,oxygen
1905,oxygen
1906,oxygen
1907,oxygen
1908,john
1909,john
1910,john
1911,highly
1912,highly
1913,two.
1914,chemicallybondedtoeachother.
1915,oxygen
1916,this
1917,this
1918,in
1919,in
1920,in
1921,try
1922,lungtissue.
1923,try
1924,try
1925,the
1926,the
1927,the
1928,oxygen
1929,oxygen
1930,oxygen
1931,oxygen
1932,oxygen
1933,oxygen
1934,oxygen
1935,oxygen
1936,by
1937,planetary
1938,planetary
1939,planetary
1940,planetary
1941,sing
1942,sing
1943,pale
1944,pale
1945,oxygen
1946,oxygen
1947,oxygen
1948,oxygen
1949,in
1950,inthetruckplatformohitsyoumoleculesareparamagnetic.
1951,in
1952,reactive
1953,
1954,reactive
1955,reactive
1956,oxygen
1957,oxygen
1958,freeoxygenalsooccursinsolutionintheworldswaterbodies.
1959,free
1960,free
1961,free
1962,free
1963,theunusuallyhighconcentrationsofoxygengasonearthistheresultoftheoxygencycle.
1964,the
1965,the
1966,the
1967,the
1968,oxygen
1969,oxygengascanalsobeproducedtwoelectronssaysofwaterintomolecularoxygenandhydrogen.
1970,oxygen
1971,oxygen
1972,oxygenasisupposeitmildyoufarithasahistoryofrecreationaluseinoxygenbarsandinsports.
1973,oxygen
1974,oxygen
1975,oxygen
1976,hyper
1977,
1978,hyper
1979,hyper
1980,up
1981,up
1982,up
1983,up
1984,up
1985,due
1986,due
1987,slowsfurthercorrosion.
1988,people
1989,people
1990,oxygen
1991,oxygen
1992,oxygen
1993,oxygen
1994,oxygen
1995,among
1996,among
1997,among
1998,the
1999,the
2000,the
2001,oxygen
2002,permanentpulmonaryfibrosis.
2003,oxygen
2004,oxygen
2005,breathing
2006,breathing
2007,breathing
2008,oxygen
2009,oxygen
2010,the
2011,the
2012,the
2013,multilateralnegotiationswiththecombatants.theyarrangedforisraeltopullbackfromthesinaipeninsulaandthegolanheights.
2014,riseandfallaccordingtomarketdemand.
2015,this
2016,this
2017,on
2018,on
2019,on
2020,thepriceofoilisgoingtorise.
2021,in
2022,in
2023,
2024,middleeast.
2025,someoftheincomewithdispensedintheformofaidtootherunderdevelopednationswhoseeconomieshadbeencaughtbetweenhigheroilpricesandlowerpricesfortheirownexportcommoditiesandthenshrinkingwesterndemand.
2026,in
2027,kissingersdominance.
2028,the
2029,automobiles.
2030,the
2031,arctic.
2032,the
2033,the
2034,the
2035,the
2036,despite
2037,despite
2038,price
2039,toencourageinvestment.
2040,greaterscarcity.
2041,price
2042,tocoordinatetheresponsetotheembargo.
2043,to
2044,the
2045,marketandtechnologyrealities.
2046,the
2047,in
2048,in
2049,in
2050,although
2051,the
2052,the
2053,the
2054,the
2055,the
2056,the
2057,some
2058,some
2059,compact
2060,captiveimportpolicy.
2061,anincreaseinimportedcarsintonorthamericanforcegeneralmotorsfordandchryslertointroducemahlerandfuelefficientmodelsfordomesticsales.
2062,an
2063,an
2064,an
2065,federal
2066,oh
2067,the
2068,the
2069,the
2070,apollo
2071,apollo
2072,the
2073,the
2074,the
2075,
2076,the
2077,the
2078,lunarlandings.
2079,in
2080,in
2081,themassivefinancialcommitmentrequiredbyamantomoonlanding.
2082,presidenteisenhower.
2083,on
2084,on
2085,on
2086,on
2087,on
2088,on
2089,nasaslangleyresearchcenter.
2090,langleyresearchcenter.
2091,it
2092,it
2093,merrittisland.
2094,it
2095,kennedy.
2096,the
2097,the
2098,administrator
2099,administrator
2100,based
2101,apolloprogramdirector.
2102,in
2103,siemens
2104,siemens
2105,siemens
2106,but
2107,but
2108,wiesnerkeptupthepressureevenmakingthedisagreementpublicduringatwodayseptembervisitbythepresidenttomarshallspaceflightcenter.wiesnerblurtedoutnothatsnogoodinfrontofthepressduringthepresentationbyvonbraun.
2109,wi
2110,wi
2111,the
2112,the
2113,maxim
2114,maxim
2115,the
2116,the
2117,the
2118,a
2119,
2120,a
2121,north
2122,north
2123,north
2124,the
2125,the
2126,marshallspaceflightcenter.
2127,the
2128,the
2129,the
2130,the
2131,thethreestagesaturnvwasdesignedtosendafullyfueledcsmandlmtothemoon.
2132,the
2133,the
2134,the
2135,now
2136,now
2137,validatedtheservicemoduleengineinthecommandmoduleheatshield.
2138,watercooledundergarments.
2139,after
2140,did
2141,did
2142,did
2143,in
2144,in
2145,the
2146,the
2147,the
2148,gr
2149,gr
2150,gr
2151,the
2152,theplansthattestbeganonthemorningofjanuarytwentyseventhnineteensixtysevenandimmediatelywasplaguedwithproblems.firstthecrewnoticethestrangeodorintheirspacesuitswhichdelayedtheceilingofthehatch.
2153,the
2154,the
2155,nasaimmediatelyconvenedanaccidentreviewboardoverseenbybothhousesofcongress.
2156,nasa
2157,nasa
2158,to
2159,to
2160,to
2161,in
2162,in
2163,in
2164,the
2165,apollo
2166,apollo
2167,apollo
2168,apollo
2169,apollo
2170,thegmissionwasachievedonapolloeleveninjulynineteensixtyninebyanoddgeminiveterancrewconsistingofneilarmstrongmichaelcollinsandbuzzaldrin.
2171,the
2172,the
2173,thegmissionwasachievedonapolloeleveninjulynineteensixtyninebyanoddgeminiveterancrewconsistingofneilarmstrongmichaelcollinsandbuzzaldrin.
2174,
2175,whenaccidentallypointedintothesun.
2176,the
2177,the
2178,overthreedays.
2179,the
2180,
2181,rookies.
2182,the
2183,the
2184,the
2185,about
2186,
2187,therockscollectedfromthemoonareextremelyoldcomparedtorocksfoundonearthasmeasuredbyradiummagicdatingtechniques.
2188,the
2189,almost
2190,almost
2191,looking
2192,looking
2193,looking
2194,the
2195,the
2196,in
2197,in
2198,the
2199,the
2200,the
2201,the
2202,the
2203,
2204,with
2205,with
2206,
2207,europeanunionlawisabodyoftreatiesandlegislationsuchasregulationsanddirectiveswhichhavedirecteffectorindirecteffectonthelivesofeuropeanunionmemberstates.thethreesourcesofeuropeanunionlawyerprimarylawsecondarylawandsupplementarylaw.
2208,european
2209,european
2210,european
2211,european
2212,european
2213,europeanunionlawisabodyoftreatiesandlegislationsuchasregulationsanddirectiveswhichhavedirecteffectorindirecteffectonthelivesofeuropeanunionmemberstates.thethreesourcesofeuropeanunionlawyerprimarylawsecondarylawandsupplementarylaw.
2214,european
2215,europeanunionlawisabodyoftreatiesandlegislationsuchasregulationsanddirectiveswhichhavedirecteffectorindirecteffectonthelivesofeuropeanunionmemberstates.thethreesourcesofeuropeanunionlawyerprimarylawsecondarylawandsupplementarylaw.
2216,european
2217,european
2218,european
2219,european
2220,thetreatyonthefunctioningoftheeuropeanunion.
2221,european
2222,european
2223,european
2224,thetreatyonthefunctioningoftheeuropeanunion.
2225,european
2226,european
2227,thecourtsofmemberstatesandthecourtofjusticeoftheeuropeanunion.
2228,european
2229,european
2230,european
2231,although
2232,although
2233,although
2234,the
2235,the
2236,the
2237,the
2238,the
2239,the
2240,following
2241,following
2242,following
2243,following
2244,following
2245,following
2246,following
2247,following
2248,the
2249,the
2250,the
2251,the
2252,the
2253,the
2254,the
2255,the
2256,commissioners
2257,commissioners
2258,commissioners
2259,
2260,commissioners
2261,while
2262,while
2263,while
2264,while
2265,while
2266,while
2267,while
2268,in
2269,the
2270,the
2271,the
2272,the
2273,to
2274,to
2275,to
2276,to
2277,to
2278,to
2279,the
2280,the
2281,the
2282,the
2283,threeyears.
2284,since
2285,since
2286,foundationalconstitutionalquestionsaffectingdemocracyandhumanrights.
2287,generally
2288,while
2289,while
2290,although
2291,although
2292,while
2293,for
2294,the
2295,the
2296,aproperlegalbasis.
2297,theconstitutionaltraditionscommontothememberstates.
2298,none
2299,none
2300,none
2301,the
2302,the
2303,the
2304,the
2305,following
2306,the
2307,the
2308,pricefixing.
2309,consumerprices.
2310,while
2311,while
2312,freemovementofgoodswithintheeuropeanunionisachievedbyacustomsunionandtheprincipleofnondiscrimination.
2313,public
2314,privateactors.
2315,free
2316,public
2317,often
2318,often
2319,freemovement.
2320,since
2321,since
2322,since
2323,the
2324,thenumberofsocialservicesthatpeoplecanaccesswherevertheymove.
2325,citizenship
2326,citizenship
2327,as
2328,as
2329,by
2330,in
2331,the
2332,the
2333,the
2334,in
2335,the
2336,the
2337,the
2338,the
2339,the
2340,the
2341,the
2342,the
2343,the
2344,the
2345,following
2346,following
2347,following
2348,following
2349,following
2350,following
2351,following
2352,
2353,during
2354,during
2355,during
2356,during
2357,during
2358,during
2359,during
2360,during
2361,there
2362,there
2363,theavailabledata.
2364,there
2365,there
2366,there
2367,there
2368,there
2369,there
2370,nasa
2371,nasa
2372,nasa
2373,
2374,for
2375,for
2376,for
2377,for
2378,for
2379,smallpox.
2380,karen
2381,the
2382,
2383,the
2384,the
2385,the
2386,the
2387,the
2388,the
2389,the
2390,slashandburnmethod.
2391,unitedstates.
2392,the
2393,increasedsettlementanddeforestation.
2394,the
2395,environmental
2396,environmental
2397,environmental
2398,one
2399,deforestation.
2400,as
2401,as
2402,the
2403,the
2404,the
2405,the
2406,theuseofremotesensingfortheconservationoftheamazonisalsobeingusedbytheindigenoustribesofthebasintoprotecttheirtriballandsfromcommercialinterests.
2407,to
2408,to
2409,to
2410,in
2411,in
2412,in
2413,in
2414,c
2415,c
2416,almost
2417,almost
2418,almost
2419,almost
2420,most
2421,most
2422,most
2423,most
2424,most
2425,most
2426,tina
2427,tina
2428,tina
2429,despite
2430,despite
2431,like
2432,ranging
2433,ranging
2434,for
2435,the
2436,the
2437,wheretheextracompactfilamentissuspectedtohavethesupportingfunction.
2438,it
2439,it
2440,the
2441,see
2442,see
2443,the
2444,there
2445,there
2446,there
2447,thejetofexpelledwaterdrivesthembackwardsveryquickly.
2448,locate
2449,the
2450,this
2451,byundulatingtheirbodiesaswellasbythebeatingoftheircalmrose.
2452,almost
2453,development
2454,when
2455,when
2456,almost
2457,almost
2458,tina
2459,tina
2460,theredsea.
2461,because
2462,combjelly.
2463,midcambrianperiod.
2464,because
2465,because
2466,allotheranimals.
2467,since
2468,fresno
2469,fresno
2470,in
2471,in
2472,before
2473,before
2474,assemblycenter.
2475,in
2476,fresno
2477,between
2478,fulton
2479,fulton
2480,fulton
2481,the
2482,the
2483,the
2484,classicfilms.
2485,this
2486,the
2487,the
2488,the
2489,the
2490,the
2491,the
2492,the
2493,the
2494,the
2495,homes
2496,homes
2497,the
2498,the
2499,the
2500,tallpalmtrees.
2501,the
2502,the
2503,the
2504,while
2505,while
2506,in
2507,in
2508,formed
2509,certainropes.
2510,formed
2511,fresno
2512,fresno
2513,fresno
2514,fresno
2515,as
2516,fresno
2517,fresno
2518,fresno
2519,downtownfresno.
2520,californiahighspeedrail.
2521,passenger
2522,starting
2523,starting
2524,starting
2525,starting
2526,packet
2527,packet
2528,packet
2529,packet
2530,baron
2531,baron
2532,baron
2533,starting
2534,starting
2535,starting
2536,arpanet.
2537,starting
2538,starting
2539,in
2540,inconnectionwithsmokeeachpackageincludescompleteaddressinginformation.thepacketsareroutedindividuallysometimesresultingindifferentpathsandoutoforderdelivery.
2541,in
2542,connection
2543,connection
2544,less
2545,however
2546,both
2547,
2548,apple
2549,the
2550,
2551,jack
2552,
2553,
2554,in
2555,marin
2556,marin
2557,marin
2558,tell
2559,tell
2560,tell
2561,time
2562,time
2563,
2564,
2565,there
2566,there
2567,oz
2568,they
2569,they
2570,the
2571,the
2572,
2573,internet
2574,the
2575,the
2576,the
2577,the
2578,the
2579,the
2580,the
2581,china.
2582,plague
2583,plague
2584,from
2585,from
2586,from
2587,the
2588,the
2589,
2590,
2591,medical
2592,miasmatheory.
2593,miasmatheory.
2594,the
2595,thehistorianfrancisbacongaskroadaboutthegreatpestilenceineighteenninetythreeandsuggestedthatitwouldappeartobesomeformoftheordinaryeasterneuropebubonicplague.
2596,other
2597,in
2598,the
2599,the
2600,the
2601,avariantofflying.
2602,exaggerations.
2603,is
2604,lackofreliablestatisticsfromthisperiod.
2605,clergy.
2606,in
2607,in
2608,in
2609,in
2610,ebola.
2611,typhussmallpoxandrespiratoryinfections.
2612,the
2613,the
2614,the
2615,the
2616,paris.
2617,in
2618,in
2619,there
2620,there
2621,there
2622,the
2623,se
2624,se
2625,
2626,the
2627,the
2628,the
2629,the
2630,the
2631,the
2632,the
2633,the
2634,the
2635,at
2636,
2637,at
2638,for
2639,for
2640,when
2641,extension
2642,extensioncausestherockunitsasawholetobecomelongerandbetter.
2643,the
2644,the
2645,the
2646,all
2647,cambriantime.
2648,all
2649,geologist
2650,geologist
2651,geologist
2652,inadditiontoidentifyingrocksinthefieldthetrolleyjustidentifyrocksamplesinthelaboratory.totheprimarymethodsforidentifyingrocksinthelaboratoryherthroughopticalmicroscopebeinbyusinganelectronmicroprobe.
2653,laboratory.
2654,the
2655,the
2656,structural
2657,structural
2658,
2659,among
2660,among
2661,among
2662,in
2663,in
2664,watercallandhydrocarbonextraction.
2665,in
2666,some
2667,some
2668,james
2669,james
2670,james
2671,the
2672,the
2673,sir
2674,sir
2675,the
2676,the
2677,englands
2678,throughout
2679,throughout
2680,from
2681,apointlesspursuit.
2682,from
2683,from
2684,inthesandgateareatotheeastofthecityandbesidetheriverresignedandthecloseknitcommunityofkillmenandtheirfamilies.
2685,
2686,in
2687,theking.
2688,during
2689,during
2690,urbanizationofthecity.
2691,electriclighting.
2692,in
2693,in
2694,in
2695,in
2696,in
2697,the
2698,another
2699,june.
2700,another
2701,large
2702,large
2703,regenerationofthenortheast.
2704,large
2705,the
2706,butchermarket.
2707,the
2708,englishheritage.
2709,the
2710,the
2711,
2712,
2713,other
2714,other
2715,other
2716,the
2717,the
2718,the
2719,in
2720,in
2721,according
2722,according
2723,according
2724,according
2725,accordingtothesamestatisticstheaverageageofpeoplelivinginnewcastleisthirtyseveneightthenationalaveragebeingthirtyeightsix.manypeopleinthecityhavegoneashoreirishancestors.
2726,the
2727,the
2728,the
2729,they
2730,elsewhereinthenorthernunitedkingdom.
2731,they
2732,they
2733,in
2734,in
2735,there
2736,there
2737,there
2738,barscafesinclothes.
2739,theater.
2740,manycelebratedseasons.
2741,the
2742,the
2743,the
2744,
2745,johnandbenjamingreen.
2746,the
2747,the
2748,april.
2749,thenewcastlebeerfestivalorganizedbycameratakesplaceinapril.
2750,the
2751,thehotthingsreputedlythelargesttravelingferryingurinetakesplaceonnewcastletownmoreeveryjune.
2752,the
2753,the
2754,the
2755,newcastle
2756,newcastle
2757,when
2758,oldtownhallgateshead.
2759,the
2760,the
2761,the
2762,there
2763,there
2764,the
2765,the
2766,the
2767,newcastle
2768,newcastle
2769,newcastle
2770,intwentyfourteenworkwascompletedonthestationshistoricentrance.blazingwasplacedoverthehistoricarchesandthevictorianarchitecturewasenhancedtransformingthenineteenthcenturypublicportico.
2771,in
2772,in
2773,robertstephenson.
2774,train
2775,train
2776,train
2777,train
2778,the
2779,smartticketing.
2780,the
2781,the
2782,major
2783,major
2784,there
2785,there
2786,there
2787,following
2788,following
2789,following
2790,following
2791,there
2792,there
2793,royalgrammarschool.
2794,there
2795,there
2796,the
2797,the
2798,the
2799,newcastle
2800,newcastle
2801,newcastle
2802,parishchurches.
2803,the
2804,i
2805,i
2806,i
2807,nay
2808,newcastleroyalvictoriainfirmary.
2809,nay
2810,charles
2811,charles
2812,charles
2813,charles
2814,musicians
2815,musicians
2816,the
2817,queenvictoriaandprincealbert.
2818,the
2819,queenvictoriaandprincealbert.
2820,the
2821,somersethouse.
2822,the
2823,the
2824,nearlyamillionandahalfvisitors.
2825,before
2826,before
2827,in
2828,in
2829,the
2830,the
2831,
2832,
2833,an
2834,an
2835,an
2836,an
2837,
2838,the
2839,with
2840,with
2841,continuing
2842,prince
2843,prince
2844,prince
2845,in
2846,a
2847,a
2848,a
2849,the
2850,the
2851,receptionsgatheringsorexhibitionpurposes.
2852,the
2853,in
2854,not
2855,as
2856,the
2857,thefareasterncollectionsincludesmorethanseventyohohohworksofartfromthecountriesoftheeastasiachinajapanandkorea.
2858,the
2859,the
2860,the
2861,the
2862,one
2863,writerswhosepapersareinthelibraryareasdiverseascharlesdickinsonbeatrixpotter.
2864,the
2865,the
2866,the
2867,the
2868,the
2869,not
2870,not
2871,not
2872,notonlytheworkofbritishartistsincraftspeopleisondisplaybutalsoworkproducedbyeuropeanartiststhatwaspurchasedorcommissionedbybritishpatronsaswellasimportsfromasiaincludingporcelainclothandwallpaper.
2873,the
2874,the
2875,the
2876,artsandcraftsmovement.
2877,one
2878,david.
2879,
2880,well
2881,many
2882,many
2883,the
2884,the
2885,the
2886,the
2887,in
2888,in
2889,in
2890,the
2891,the
2892,there
2893,the
2894,one
2895,in
2896,in
2897,in
2898,several
2899,the
2900,rod
2901,rod
2902,sculptors
2903,sculptors
2904,with
2905,the
2906,the
2907,the
2908,the
2909,the
2910,one
2911,the
2912,the
2913,researchexhibitionsandothershows.
2914,conservation
2915,the
2916,the
2917,a
2918,a
2919,the
2920,the
2921,in
2922,in
2923,in
2924,in
2925,in
2926,in
2927,once
2928,davidsarnoff.
2929,edward
2930,a
2931,a
2932,a
2933,a
2934,the
2935,the
2936,the
2937,the
2938,
2939,
2940,a
2941,a
2942,since
2943,a
2944,sports
2945,sports
2946,sports
2947,in
2948,dumonttelevisionnetwork.
2949,paramountpictures.
2950,at
2951,prudentialinsurancecompanyofamerica.
2952,leonard
2953,in
2954,the
2955,the
2956,in
2957,in
2958,in
2959,in
2960,in
2961,the
2962,between
2963,in
2964,networks
2965,networks
2966,on
2967,in
2968,in
2969,on
2970,on
2971,on
2972,it
2973,on
2974,however
2975,paramountpictures.
2976,at
2977,at
2978,warner
2979,warner
2980,warnerbrothers.
2981,walt
2982,in
2983,in
2984,in
2985,in
2986,in
2987,in
2988,in
2989,disney.
2990,in
2991,the
2992,for
2993,for
2994,for
2995,for
2996,barbarawalters.
2997,barbarawalters.
2998,the
2999,in
3000,in
3001,itunes.
3002,the
3003,the
3004,when
3005,the
3006,the
3007,the
3008,the
3009,the
3010,on
3011,on
3012,the
3013,the
3014,among
3015,among
3016,daniel
3017,daniel
3018,daniel
3019,daniel
3020,in
3021,during
3022,always
3023,always
3024,in
3025,in
3026,in
3027,a
3028,infinitybroadcastingcorporation.
3029,in
3030,in
3031,in
3032,in
3033,generalhospital.
3034,daytime
3035,currently
3036,all
3037,a
3038,a
3039,worldnewstonight.
3040,worldnewstonight.
3041,the
3042,the
3043,the
3044,as
3045,as
3046,on
3047,did
3048,on
3049,in
3050,in
3051,the
3052,as
3053,as
3054,as
3055,following
3056,in
3057,
3058,in
3059,westernsanddetectiveseries.
3060,it
3061,these
3062,these
3063,these
3064,in
3065,the
3066,the
3067,on
3068,on
3069,he
3070,he
3071,
3072,for
3073,at
3074,at
3075,needforalliances.
3076,forte
3077,forte
3078,damaging
3079,as
3080,as
3081,the
3082,according
3083,according
3084,according
3085,
3086,accounts
3087,accounts
3088,couple
3089,thearrow.
3090,with
3091,with
3092,in
3093,in
3094,the
3095,the
3096,the
3097,samarkand.
3098,the
3099,the
3100,unifieddefense.
3101,the
3102,the
3103,the
3104,the
3105,the
3106,after
3107,samarkand.
3108,in
3109,in
3110,in
3111,in
3112,years
3113,in
3114,on
3115,on
3116,genghiskhan.
3117,themongolempirewithgovernedbyacivilianandmilitarycodecalledtheyesthatcreatedbygenghiskhan.
3118,genghiskhan.
3119,there
3120,there
3121,thechinese.
3122,gen
3123,gen
3124,gen
3125,the
3126,the
3127,japan.
3128,contrarytopopularbeliefgenghiskhandidnotconqueralltheareasultimatelypartofthemongolempire.atthattimeofhisdeaththemongolempirestretchedfromthecaspianseatotheseaofjapan.
3129,gen
3130,gen
3131,gen
3132,gen
3133,in
3134,in
3135,in
3136,in
3137,in
3138,gen
3139,gen
3140,there
3141,there
3142,there
3143,in
3144,one
3145,the
3146,the
3147,poison.
3148,the
3149,ph
3150,pharmacy
3151,pharmacy
3152,pharmacy
3153,pharmacy
3154,in
3155,injapanattheendoftheosgoodperiodfivehundredthirtyeighttosevenhundredtenintheearlynaraperiodsevenhundredtentosevenhundredninetyfourthemenwhofulfilledrollssimilartothoseofmodernpharmacistswerehighlyrespected.
3156,in
3157,amanda
3158,in
3159,in
3160,in
3161,
3162,because
3163,variousdisciplinesofpharmacy.
3164,because
3165,because
3166,withinthepremisesofthehospital.
3167,hospital
3168,hospital
3169,pharmacistsprovidedirectpatientcareservicesthatoptimizeistheuseofmedicationandpromotespalwellnessanddiseaseprevention.clinicalpharmacistcareforpatientsinallhealthcaresettingsbuttheclinicalpharmacymovementinitiallybeganinsidehospitalsandclinics.
3170,ph
3171,
3172,ph
3173,the
3174,the
3175,the
3176,in
3177,consultant
3178,consultant
3179,since
3180,themethodbywhichthemedicationsarerequestedandreceived.
3181,toavoidtheinconvenienceofvisitingadoctorortoattainmedicationswhichtheirdoctorswereunwillingtoprescribe.
3182,while
3183,while
3184,while
3185,of
3186,of
3187,
3188,toreduceconsumercosts.
3189,in
3190,in
3191,in
3192,in
3193,appliedinformationscience.
3194,pharmacy
3195,pharmacy
3196,pharmacy
3197,specialty
3198,cancerhepatitisandrheumatoidarthritis.
3199,specialty
3200,separatelyfromphysicians.
3201,in
3202,in
3203,inmostjurisdictionssuchastheunitedstatespharmacistsareregulatedseparatelyfromphysicians.
3204,in
3205,in
3206,thehighriskofaconflictofinterestandortheavoidanceofabsolutepowers.
3207,
3208,the
3209,the
3210,inthecomingdecadespharmacistsareexpectedtobecomemoreintegralwithinthehealthcaresystem.ratherthansimplydispensingmedicationpharmacistsareincreasinglyexpectedtobecompensatedfortheirpatientcareskills.
3211,inthecomingdecadespharmacistsareexpectedtobecomemoreintegralwithinthehealthcaresystem.ratherthansimplydispensingmedicationpharmacistsareincreasinglyexpectedtobecompensatedfortheirpatientcareskills.
3212,theclinicalservicesthatpharmacistscanprovidefortheirpatients.
3213,this
3214,this
3215,medicineusereviews.
3216,this
3217,the
3218,the
3219,the
3220,disease.
3221,the
3222,disease.
3223,the
3224,disease.
3225,the
3226,the
3227,the
3228,pathogen
3229,pathogen
3230,vaccination.
3231,vaccination.
3232,pathogen
3233,disorders
3234,disorders
3235,disorders
3236,cancer.
3237,disordersoftheimmunesystemcanresultinantonianddiseasesinflammatorydiseasesincancer.immunodeficiencyoccurswhentheimmunesystemislessactivethannormalresultinginarecurringandlifethreateninginfections.
3238,disorders
3239,im
3240,im
3241,walterreed.
3242,im
3243,im
3244,the
3245,the
3246,the
3247,the
3248,the
3249,the
3250,but
3251,but
3252,micro
3253,pathogens.
3254,several
3255,several
3256,several
3257,several
3258,chemical
3259,withinthejanitorialnearyingastrointestinaltractcommenceallfloraservicebiologicalbarriersbycompetingwithpathogenicbacteriaforfoodandspaceandinsomecasesbychangingtheconditionsintheirenvironmentsuchasphoravailableiron.
3260,inflammation
3261,increasedbloodflowintotissue.
3262,ph
3263,ph
3264,lukas
3265,lukas
3266,hendrix
3267,hendrix
3268,natural
3269,natural
3270,the
3271,antigenpresentation.
3272,specificpathogensorpathogeninfectedcells.
3273,both
3274,killer
3275,help
3276,gamma
3277,gamma
3278,gamma
3279,a
3280,whenthecellsintcellsareactivatedandbegintoreplicatesomeoftheiroffspringbecomelonglivetomammarycells.
3281,whenthecellsintcellsareactivatedandbegintoreplicatesomeoftheiroffspringbecomelonglivetomammarycells.
3282,newborn
3283,newborn
3284,newborn
3285,chronicpainandasthma.
3286,when
3287,it
3288,it
3289,itisconjecturethataprogressivedeclineinhormonelevelswithpagespartiallyresponsibleforweakenedimmuneresponsesinagingindividuals.converselysomehormonesareregulatedbytheimmunesystemnotablythyroidhormoneactivity.
3290,the
3291,viralantigens.
3292,and
3293,over
3294,im
3295,im
3296,vaccination.
3297,long
3298,long
3299,long
3300,the
3301,shutdownhostdefenses.
3302,melatonin.
3303,in
3304,vitamindreceptor.
3305,when
3306,pattern
3307,evolutionoftheadaptiveimmunesystemtheoccurredinanancestorofthegiantvertebrae.
3308,it
3309,bacterialpages.
3310,im
3311,im
3312,cancers.
3313,macrophagesandlymphocytes.
3314,hyper
3315,hyper
3316,hyper
3317,animmuneresponsethatdamagesthebodysowntissues.
3318,an
3319,an
3320,the
3321,larger
3322,in
3323,in
3324,disruptingtheirplasmamembrane.
3325,one
3326,one
3327,one
3328,one
3329,one
3330,one
3331,one
3332,unfairlives.
3333,one
3334,one
3335,one
3336,one
3337,one
3338,campaignforafreeindia.
3339,following
3340,following
3341,following
3342,it
3343,it
3344,ithasbeenarguedthatthetermcivildisobediencehasalwayssufferedfromaambiguityininmoderntimesbecomeutterlydebased.
3345,utterlydebased.
3346,it
3347,ithasbeenarguedthatthetermcivildisobediencehasalwayssufferedfromaambiguityininmoderntimesbecomeutterlydebased.
3348,it
3349,it
3350,legrhondarightsthattheformulationofthesinglelollingcomebustingdefinitionofthetermisextremelydifficultifnotimpossible.
3351,encouragesthedistinctionbetweenlawfulprotestdemonstrationsnonviolentcivildisobedienceandviolentcivildisobedience.
3352,leg
3353,leg
3354,violentcivildisobedience.
3355,civil
3356,civil
3357,civil
3358,civil
3359,civil
3360,civil
3361,civil
3362,however
3363,however
3364,however
3365,however
3366,however
3367,however
3368,however
3369,however
3370,sometheoriesofcivildisobedienceholdthatcivildisobedienceisonlyjustifiedagainstgovernmentalentities.
3371,governmentalentities.
3372,some
3373,onlyjustifiedagainstgovernmentalentities.
3374,some
3375,some
3376,onlyjustifiedagainstgovernmentalentities.
3377,some
3378,itisusuallyrecognizethatlawbreakingifitisnotdonepubliclyatleastmustbepubliclyannouncedinordertoconstitutecivildisobedience.
3379,covertlawbreaking.
3380,civildisobedience.
3381,it
3382,it
3383,it
3384,it
3385,it
3386,therehavebeendebatesastowhethercivildisobediencemustnecessarilybenonviolent.blackslawdictionaryincludesnonviolenceinitsdefinitionofcivildisobedience.
3387,there
3388,
3389,therehavebeendebatesastowhethercivildisobediencemustnecessarilybenonviolent.
3390,there
3391,there
3392,there
3393,non
3394,non
3395,non
3396,non
3397,theaustriangovernment.
3398,non
3399,non
3400,the
3401,the
3402,the
3403,aftertheendofthemexicanwar.
3404,the
3405,the
3406,the
3407,the
3408,the
3409,illegalacts.
3410,propagandapurposes.
3411,civil
3412,preventingitfrombeingcutdown.
3413,civil
3414,civil
3415,civil
3416,civil
3417,in
3418,engagingintheforbiddenspeech.
3419,incaseswherethecriminalizebehaviorispurespeechcivildisobediencekingconsistssimplyofengagingintheforbiddenspeech.
3420,in
3421,
3422,engagingintheforbiddenspeech.
3423,moredifficultforussystemtofunction.
3424,some
3425,some
3426,some
3427,some
3428,some
3429,some
3430,many
3431,many
3432,
3433,
3434,many
3435,some
3436,
3437,some
3438,
3439,whetherornottopleadguilty.
3440,an
3441,an
3442,an
3443,an
3444,when
3445,whenthecommitteefornonviolentactionsponsoredaprotestinaugustnineteenfiftyseventhattheycanmercurynucleartestsitenearlasvegasnevadathirteenoftheprotestersattemptedtoenterthetestsiteknowingthattheyfacetorest.
3446,when
3447,howardseeingrighttheremaybemanytimeswhenprotesterschoosetogotojailasawayofcontinuingtheirprotestsasawayofremindingtheircountrymenofinjustice.
3448,howard
3449,howard
3450,howard
3451,sometimes
3452,sometimes
3453,sometimes
3454,sometimes
3455,sometimes
3456,some
3457,mistreatmentfromgovernmentofficials.
3458,mistreatmentfromgovernmentofficials.
3459,mistreatmentfromgovernmentofficials.
3460,some
3461,
3462,steve
3463,jurynullification.
3464,steve
3465,jurynullification.
3466,one
3467,thereforeconscientiouslawbreakersmustbepunished.
3468,one
3469,one
3470,one
3471,courts
3472,courts
3473,courts
3474,along
3475,along
3476,along
3477,along
3478,construction
3479,construction
3480,construction
3481,unknownclient.
3482,large
3483,large
3484,residentialandnonresidentialcommercialinstitutional.
3485,in
3486,in
3487,engineering
3488,the
3489,the
3490,the
3491,building
3492,building
3493,building
3494,localbuildingauthorityregulationsandcodesofpractice.
3495,residential
3496,residential
3497,residential
3498,designsintoreality.
3499,thepropertyowner.
3500,aquantitysurveyor.
3501,themoderntrendindesignistowardintegrationofpreviouslyseparatedspecialtiesespeciallyamonglargefirms.
3502,the
3503,the
3504,establishingrelationshipswithothernecessaryparticipantsthroughthedesignbuildprocess.
3505,preventablefinancialproblems.
3506,construction
3507,mortgage
3508,mortgage
3509,mortgage
3510,mortgage
3511,theowner.
3512,the
3513,the
3514,a
3515,a
3516,a
3517,there
3518,there
3519,this
3520,this
3521,thearchitectsclientandthemaincontractor.
3522,themaincontractor.
3523,thebuildingisreadytooccupy.
3524,the
3525,the
3526,the
3527,before
3528,before
3529,before
3530,before
3531,before
3532,construction
3533,construction
3534,construction
3535,private
3536,private
3537,private
3538,private
3539,in
3540,in
3541,the
3542,the
3543,romancatholicschools.
3544,
3545,religious
3546,private
3547,compulsoryblazer.
3548,private
3549,although
3550,although
3551,although
3552,
3553,there
3554,vocationalschools.
3555,chargingtheirstudentstuitionfees.
3556,her
3557,in
3558,in
3559,legally
3560,legally
3561,legally
3562,legally
3563,legally
3564,
3565,in
3566,after
3567,after
3568,after
3569,after
3570,theothercategoryofschoolsarethoseryanandpartlyarefullyfundedbyprivateindividualsprivateorganizationsandreligiousgroups.theonesthatexceptgovernmentbondsarecalleditschools.
3571,the
3572,the
3573,as
3574,as
3575,private
3576,private
3577,private
3578,private
3579,in
3580,the
3581,the
3582,some
3583,some
3584,some
3585,some
3586,in
3587,in
3588,in
3589,in
3590,in
3591,private
3592,in
3593,in
3594,in
3595,funding
3596,funding
3597,funding
3598,private
3599,private
3600,as
3601,established
3602,established
3603,harvard
3604,harvard
3605,the
3606,the
3607,the
3608,the
3609,harvard
3610,in
3611,in
3612,in
3613,in
3614,charles
3615,james
3616,women
3617,harvard
3618,
3619,harvard
3620,the
3621,the
3622,harvard
3623,the
3624,the
3625,the
3626,harvard
3627,for
3628,the
3629,harvard
3630,harvard
3631,harvard
3632,the
3633,the
3634,harvard
3635,harvard
3636,harvard
3637,older
3638,politics
3639,other
3640,other
3641,other
3642,harvard
3643,harvard
3644,jacksonville
3645,jacksonville
3646,jacksonville
3647,harper
3648,golf.
3649,the
3650,the
3651,the
3652,france.
3653,friends
3654,spain
3655,spain
3656,spain
3657,spain
3658,during
3659,during
3660,during
3661,during
3662,yellowfeveroutbreaks.
3663,
3664,during
3665,kitchenfire.
3666,on
3667,in
3668,winterfilmcapitaloftheworld.
3669,in
3670,jacksonville
3671,jacksonville
3672,muchofthecitystaxbasedissipatedleadingtoproblemswithfindingeducationsanitationandtrafficcontrolwithinthecitylimits.
3673,much
3674,much
3675,inthemidnineteensixtiescorruptionscandalsbegantoriseamongmanyofthecitysofficialswhoweremainlyelectedthroughthetraditionaloldboynetwork.
3676,in
3677,in
3678,when
3679,whenaconsolidationreferendumwasheldinnineteensixtysevenvotersapprovedtheplan.onoctoberfirstnineteensixtyeightthegovernmentsmergetocreatetheconsolidatedcityofjacksonville.
3680,according
3681,baldwin.
3682,the
3683,the
3684,like
3685,like
3686,meet
3687,extremelyhighhumidity.
3688,meet
3689,jacksonville
3690,jacksonville
3691,jacksonville
3692,jacksonville
3693,jacksonville
3694,as
3695,a
3696,a
3697,a
3698,according
3699,according
3700,according
3701,according
3702,according
3703,according
3704,neoclassical
3705,neoclassical
3706,neoclassical
3707,neoclassical
3708,neoclassical
3709,neoclassical
3710,theproductivitygapbetweenhighlypaidprofessionsandlowerpaidprofessions.
3711,inmarkstheendanalysiscapitalistfirmsincreasinglysubstitutecapitalequipmentforlaborinputsworkersandtheircompetitivepressuretoreducecostsandmaximizeprofits.
3712,in
3713,in
3714,in
3715,in
3716,inmarkstheendanalysiscapitalistfirmsincreasinglysubstitutecapitalequipmentforlaborinputsworkersandtheircompetitivepressuretoreducecostsandmaximizeprofits.
3717,in
3718,in
3719,in
3720,in
3721,in
3722,in
3723,in
3724,in
3725,in
3726,in
3727,in
3728,in
3729,in
3730,the
3731,the
3732,the
3733,the
3734,the
3735,the
3736,the
3737,on
3738,on
3739,ontheotherhandhighereconomicinequalitytendstoincreaseentrepreneurshipbreaksattheindividuallevelselfemployment.
3740,necessityratherthanopportunity.
3741,on
3742,another
3743,another
3744,another
3745,another
3746,another
3747,another
3748,another
3749,an
3750,education.
3751,an
3752,an
3753,animportantfactorinthecreationofinequalitiesvariationinindividualsaccesstoeducation.
3754,an
3755,muchlowerwages.
3756,lowerincomesandusfromouraggregatesavingsandinvestment.
3757,an
3758,increasingaccesstoeducation.
3759,increasingaccesstoeducation.
3760,during
3761,during
3762,during
3763,during
3764,duringthemasshighschooleducationmovementfromnineteententonineteenfortytherewasanincreaseinskilledworkerswhichledtoadecreaseinthepriceofskilledlabor.
3765,during
3766,during
3767,john
3768,john
3769,john
3770,john
3771,inequality.
3772,john
3773,john
3774,john
3775,sociologist
3776,sociologist
3777,sociologist
3778,
3779,sociologist
3780,sociologist
3781,sociologist
3782,sociologist
3783,weak
3784,trade
3785,trade
3786,trade
3787,trade
3788,tradeliberalizationmayshifteconomicinequalityfromaglobaltoadomesticscale.
3789,trade
3790,technologicalinnovationofviewsharedbyotherexperts.incurableeconomistsmaxrosaryandshedoescrespoclearresonantfindsupportinthedatathatinternationaltradeisincreasingincomeinequality.
3791,trade
3792,in
3793,inmanycountriesthereisagenderpaygapinfavorofmalesinthelabormarket.
3794,in
3795,malesinthelabormarket.
3796,in
3797,in
3798,economist
3799,economist
3800,economist
3801,economist
3802,economist
3803,economist
3804,economist
3805,socialwelfareprogramsmoredevelopedcountriesmovebacktolowerlevelsofinequality.
3806,plotting
3807,plotting
3808,veryweak.
3809,plotting
3810,wealth
3811,wealth
3812,wealth
3813,wealth
3814,wealth
3815,higherreturnskiki.
3816,rentseeking.
3817,economists
3818,economists
3819,the
3820,the
3821,the
3822,the
3823,the
3824,twenty
3825,twenty
3826,twenty
3827,twenty
3828,british
3829,british
3830,british
3831,british
3832,for
3833,for
3834,for
3835,longer.
3836,incomeinequality.
3837,in
3838,in
3839,greaterequalitybutnotpercapitaincome.
3840,crime
3841,crime
3842,crime
3843,differencesintheamountofinequalityeachprovinceorstate.
3844,following
3845,following
3846,following
3847,higheraggregateutility.
3848,conservative
3849,conservative
3850,conservative
3851,central
3852,central
3853,central
3854,unsustainablemonetarystimulation.
3855,according
3856,according
3857,economicgrowth.
3858,according
3859,according
3860,economistsjosephstiglitzpresentedevidenceintwothousandninethatbothglobalinequalityininequalitywithincountriespreventgrowthbylimitingaggregatedemand.
3861,limitingaggregatedemand.
3862,economists
3863,economists
3864,economists
3865,in
3866,thechannelsthroughwhichinequalitymayaffecteconomicgrowth.
3867,in
3868,research
3869,research
3870,ratesofgrowthandinvestment.
3871,research
3872,decreases.
3873,ste
3874,ste
3875,reducedconsumerdemand.
3876,increasedincomeinequality.
3877,some
3878,some
3879,while
3880,theexistinglevelofinequality.
3881,
3882,while
3883,while
3884,in
3885,throughvariousassociationsandotherarrangements.
3886,governmentland.
3887,the
3888,the
3889,the
3890,the
3891,firstlycertaincostsaredifficulttoavoidandaresharedbyeveryonesuchasthecostofhousingpensionseducationandhealthcare.
3892,
3893,death.theresultleadstoevengreaterinequalityandpotentialeconomicinstability.
3894,the
3895,the
3896,the
3897,the
3898,socialists
3899,socialists
3900,socialists
3901,robert
3902,force.
3903,robert
3904,capabilitydeprivation.
3905,theenditself.
3906,the
3907,theyareinsomewaydeprivedofearningasmuchincomeastheywouldotherwise.
3908,forfearoftheirlives.
3909,doctor
3910,doctor
3911,the
3912,bbcwhalesincardiff.
3913,twelve
3914,twelve
3915,twelve
3916,doctor
3917,doctor
3918,the
3919,the
3920,the
3921,the
3922,the
3923,the
3924,the
3925,while
3926,while
3927,while
3928,doctor
3929,doctor
3930,the
3931,eightyseconds.
3932,it
3933,it
3934,the
3935,the
3936,the
3937,thescariesttvshowofalltime.
3938,the
3939,a
3940,a
3941,a
3942,a
3943,the
3944,the
3945,the
3946,doctor
3947,doctor
3948,christmasday.
3949,eight
3950,between
3951,someepisodeshavebeenreturnedtothebbcfromthearchivesofothercountrieswhoboughtprintsforbroadcastorbyprivateindividualswhoacquiredthembyvariousmeans.
3952,some
3953,some
3954,official
3955,producers
3956,producers
3957,producers
3958,producers
3959,producers
3960,the
3961,in
3962,thedayofthedoctor.
3963,there
3964,there
3965,there
3966,throughout
3967,the
3968,the
3969,the
3970,
3971,deadlyassassin.
3972,
3973,
3974,the
3975,since
3976,since
3977,the
3978,the
3979,ericroberts.
3980,the
3981,the
3982,utopia.
3983,following
3984,following
3985,the
3986,a
3987,a
3988,the
3989,the
3990,versions
3991,all
3992,all
3993,all
3994,six
3995,six
3996,the
3997,the
3998,the
3999,bbcthree.
4000,during
4001,during
4002,during
4003,only
4004,only
4005,in
4006,in
4007,in
4008,in
4009,tv
4010,tv
4011,tv
4012,for
4013,for
4014,for
4015,a
4016,a
4017,doctor
4018,doctor
4019,following
4020,in
4021,in
4022,in
4023,in
4024,in
4025,in
4026,there
4027,there
4028,there
4029,the
4030,since
4031,since
4032,since
4033,the
4034,the
4035,in
4036,in
4037,in
4038,in
4039,in
4040,in
4041,the
4042,the
4043,the
4044,it
4045,it
4046,it
4047,it
4048,doctor
4049,doctor
4050,deadringersseries.
4051,the
4052,the
4053,university
4054,university
4055,university
4056,founded
4057,the
4058,in
4059,in
4060,in
4061,in
4062,in
4063,increasingcrimeandpovertyinthehydeparkneighborhood.
4064,in
4065,in
4066,in
4067,the
4068,the
4069,from
4070,chicagotheologicalseminary.
4071,the
4072,christchurchhall.
4073,after
4074,theuniversityofchicagoisgovernedbyaboardoftrustees.
4075,the
4076,the
4077,higherlearningcommission.
4078,the
4079,the
4080,the
4081,the
4082,undergraduate
4083,undergraduate
4084,the
4085,the
4086,universityofchicagocampus.
4087,the
4088,the
4089,newmexico.
4090,the
4091,the
4092,in
4093,universityathleticassociationlula.
4094,the
4095,students
4096,all
4097,all
4098,all
4099,there
4100,there
4101,alphaphiomega.
4102,there
4103,there
4104,every
4105,every
4106,in
4107,in
4108,notable
4109,notable
4110,in
4111,in
4112,in
4113,in
4114,in
4115,in
4116,in
4117,in
4118,in
4119,in
4120,in
4121,notable
4122,notable
4123,past
4124,past
4125,current
4126,current
4127,the
4128,the
4129,the
4130,the
4131,the
4132,in
4133,in
4134,in
4135,gen
4136,many
4137,shan
4138,shan
4139,monkconcommencedamilitarycampaignagainstthechinesesungdynastyinsouthernchina.
4140,instabilitytroubledtheearlyyearsofcobblakeconsrain.okdaysgrandsonkindyourefusedtosubmittocomplainthreatenthewesternfrontieroftheblazedomain.thehostiledayweekendsungdynastyremainedanobstacleinthesouth.
4141,instability
4142,complaints
4143,complaints
4144,complaints
4145,complaints
4146,commercialscientificandculturalgrowth.
4147,to
4148,thenorth.
4149,to
4150,after
4151,yangtzeriverbasin.
4152,bringinganendtothissongdynasty.
4153,theyuandynasty.
4154,the
4155,the
4156,and
4157,thewarofthetwocapitals.
4158,when
4159,due
4160,due
4161,due
4162,after
4163,the
4164,
4165,
4166,from
4167,the
4168,the
4169,western
4170,western
4171,the
4172,the
4173,the
4174,the
4175,the
4176,the
4177,the
4178,the
4179,the
4180,the
4181,while
4182,while
4183,since
4184,since
4185,in
4186,in
4187,in
4188,there
4189,buddhismandislamandchristianity.
4190,there
4191,hello
4192,hello
4193,the
4194,the
4195,the
4196,the
4197,western
4198,mulberrytrees.
4199,politically
4200,fearoftransferringpowertotheethnicchineseundertheirrule.
4201,at
4202,at
4203,despite
4204,despite
4205,the
4206,the
4207,the
4208,the
4209,the
4210,the
4211,privatesouthernchinesemanufacturersandmerchants.
4212,when
4213,when
4214,the
4215,kenya
4216,kenya
4217,kenyakandjelocallyplayingalistenofficiallytherepublicofkenyaisacountryinafricaandafoundingmemberoftheeastafricancommunitytac.itscapitalinlargestcitiesnairobi.
4218,kenya
4219,kenya
4220,kenya
4221,kenya
4222,mountkenya.
4223,godsrestingplaceinallthreelanguages.
4224,ludwig
4225,ludwig
4226,the
4227,the
4228,the
4229,the
4230,pleistoceneepoch.
4231,fossils
4232,this
4233,this
4234,at
4235,at
4236,the
4237,farmers.
4238,the
4239,the
4240,widespreadagitationforconstitutionalreform.
4241,kenya
4242,kenya
4243,thegovernment.
4244,kenya
4245,can
4246,in
4247,in
4248,in
4249,since
4250,since
4251,onthetwentyeighthoffebruarytwothousandeightthebotkinnotingthatsignedanagreementontheformationofacoalitiongovernmentinwhichadangerwouldbecalmkenyassecondprimeminister.
4252,on
4253,on
4254,the
4255,thetwopoliticalpartieswouldsharepowerequally.
4256,aconstitutionalchangewasconsideredthatwouldeliminatethepositionofprimeministerandsimultaneouslyreducethepowersofthepresident.
4257,
4258,in
4259,with
4260,with
4261,peacekeepingmissionsaroundtheworld.
4262,the
4263,the
4264,kenya
4265,
4266,kenya
4267,although
4268,although
4269,east
4270,east
4271,tourism.
4272,kenya
4273,agriculture
4274,agriculture
4275,
4276,
4277,a
4278,she
4279,although
4280,kenny
4281,the
4282,kenya
4283,published
4284,published
4285,published
4286,in
4287,
4288,in
4289,agriculture.
4290,povertythelackofaccesstoeducationandweakgovernmentinstitutions.
4291,thecountry.
4292,the
4293,the
4294,nairobi.
4295,sizable
4296,christians.
4297,there
4298,there
4299,diseases
4300,diseases
4301,diseases
4302,britishcolonists.
4303,reformingoftheentireeducationsystem.
4304,the
4305,basic
4306,basic
4307,basic
4308,the
4309,the
4310,other
4311,
4312,cricketrallyingfootballrugbyunionandboxing.
4313,can
4314,can
4315,can
4316,economicorfinancialfactors.
4317,kenya
4318,kenya
4319,in
4320,oneofthetoughestralliesintheworld.
4321,canyon
4322,the
4323,the
4324,the
4325,currie
4326,representativesappointedbygovernmentsandorganizations.
4327,the
4328,theipccdoesnotcarryoutresearchnordoesitmonitorclimaterelateddata.
4329,theipccdoesnotcarryoutresearchnordoesitmonitorclimaterelateddata.leontheresafightpccreportsassesstheavailableinformationaboutclimatechangebasedonpublishedsources.
4330,each
4331,
4332,theexecutivesummaryofthewgissummaryforpolicymakersreportsaystherescertainthatthemissionsresultingfromhumanactivitiesaresubstantiallyincreasingtheatmosphereinconcentrationsofthegreenhousegasesresultingonaverageinanadditionalwarmingoftheearthssurface.
4333,the
4334,the
4335,in
4336,ipccauthorrichardclintonhasmadeanumberofcriticismsofthecar.amonghiscriticismslimbsandhasstatedthatthewgisummaryforpolicymakersspndoesnotfaithfullysummarizethefullwgireport.
4337,scientificevidence.
4338,governments.
4339,the
4340,this
4341,former
4342,former
4343,unfoundedandalsomarginaltotheassessment.
4344,the
4345,these
4346,these
4347,on
4348,on
4349,on
4350,the
4351,the
4352,the
4353,on
4354,sealevels.
4355,michael
4356,michael
4357,michael
4358,theicccprocessonclimatechangeanditsefficiencyinsuccesshasbeencomparedwithdealingswithotherenvironmentalchallengescomparisondepletioninglobalwarming.
4359,
4360,the
4361,regionalburdensharingconflicts.
4362,since
4363,sincetheipccdoesnotcarryoutitsownresearchitoperatesonthebasisofscientificpapersandindependentlydocumentedresultsfromotherscientificbodiesanditsscheduleforproducingreportsrequiresthedeadlineforsubmissionspriortothereportsfinalrelease.
4364,in
4365,in
4366,in
4367,flora
4368,flora
4369,flora
4370,calvincycle.
4371,clark
4372,clark
4373,clark
4374,flora
4375,flora
4376,sino
4377,theyhavetocellmembranes.
4378,these
4379,the
4380,roanoke
4381,the
4382,the
4383,well
4384,well
4385,you
4386,you
4387,crypt
4388,crypt
4389,applicants
4390,aba
4391,the
4392,some
4393,while
4394,while
4395,the
4396,the
4397,the
4398,the
4399,singlestranded.
4400,in
4401,in
4402,one
4403,one
4404,curiously
4405,curiouslyaroundhalfoftheproteinproductsoftransferjeansarenteventargetedbacktotheflooruplast.manybecameexpectationstakingonnewfunctionslikeparticipatingincelldivisionproteinroutingandevendiseaseresistance.
4406,curiously
4407,keepingitfromfoldingprematurely.
4408,in
4409,there
4410,there
4411,that
4412,flora
4413,glasgow
4414,plaster
4415,the
4416,the
4417,the
4418,
4419,
4420,energizeelectrons.
4421,there
4422,there
4423,in
4424,in
4425,psycho
4426,psycho
4427,psycho
4428,accidentallyaddingoxygentosugarprecursors.
4429,to
4430,eachstageofphotosynthesis.
4431,as
4432,not
4433,not
4434,insomeplantssuchascactifloraplacerfoundinthestandsthoughinmostplantsfloraplasterconcentratedintheleaves.
4435,in
4436,the
4437,the
4438,plants
4439,reactiveoxygenspecies.
4440,clark
4441,clark
4442,one
4443,one
4444,oneofthemainfunctionsoftheclerklassisitsrollingphotosynthesistheprocessbywhichlifeistransformedintochemicalenergytosubsequentlyproducefoodintheformofsugars.
4445,like
4446,like
4447,like
4448,the
4449,alternatively
4450,whentheoxygenconcentrationistoohigh.
4451,flora
4452,if
4453,the
4454,the
4455,next
4456,life
4457,life
4458,life
4459,
4460,recently
4461,compositenumber.
4462,thecompositenumber.
4463,prime
4464,trialdivision.
4465,there
4466,there
4467,there
4468,many
4469,many
4470,many
4471,hence
4472,most
4473,most
4474,a
4475,ancientgreeks.
4476,their
4477,trialdivision.
4478,the
4479,modern
4480,a
4481,distributedcomputing.
4482,the
4483,ourprimeforanynaturalnumberten.
4484,
4485,can
4486,can
4487,primenumbers.forexampletheaforementionedfactthatthereareinfinitelymanycrimescanalsobeseenusingthesedafunctioniftherewereonlyfinenightlymanycrimesthensedaonewouldhaveafinitevalue.
4488,that
4489,theremustbeinfinitelymanycrimes.
4490,oiler.
4491,randomnoise.
4492,for
4493,
4494,john
4495,several
4496,the
4497,underground.
4498,the
4499,prime
4500,the
4501,arbitraryintegers.
4502,the
4503,in
4504,in
4505,in
4506,in
4507,primeidealsarethepointsofalgebrageometricobjectsinthenotionofthespectrumoftherain.
4508,prime
4509,localfields.
4510,in
4511,prime
4512,manyartistsandwriters.
4513,the
4514,the
4515,the
4516,the
4517,the
4518,the
4519,the
4520,the
4521,nearer
4522,nearer
4523,nearer
4524,nearer
4525,nearer
4526,the
4527,the
4528,the
4529,the
4530,theregulationoftherhinewascalledfullerwithinatbirkenauneardepullsoutinthelowercanalifisayinordertocounteracttheconstantfloodinginstrongsedimentationinthewesternrhinedelta.
4531,
4532,the
4533,lake
4534,lake
4535,lake
4536,lakeconstanceconsistsofthreebodiesofwatertheoverseeuptherelaytheundersealowerlakeandtheconnectingstretchoftherhinecalledthistherhinelaycrying.thelakeissituatedingermanyswitzerlandanaustriannearthealps.
4537,lake
4538,theflowerofcoldgraymountainwatercontinuesforsomedistanceintothelake.thecoldwaterflowsnearthesurfaceandatfirsttothenextwiththewarmergreenwatersofupperlake.
4539,the
4540,the
4541,
4542,the
4543,the
4544,the
4545,the
4546,in
4547,in
4548,in
4549,inthecenterofbaselthefirstmajorcityinthecourseofthestreamislocatedtherineythisisamajorbandwereattheoveralldirectionoftherhinechangesfromwesttonorth.
4550,in
4551,theupperrightregionwaschangedsignificantlybyryanstraighteningprograminthenineteenthcentury.therateofflowwasincreasedandthegroundwaterlevelfellsignificantly.
4552,the
4553,the
4554,theupperrightregionwaschangedsignificantlybyryanstraighteningprograminthenineteenthcentury.therateofflowwasincreasedandthegroundwaterlevelfellsignificantly.
4555,theupperrightregionwaschangedsignificantlybyryanstraighteningprograminthenineteenthcentury.therateofflowwasincreasedandthegroundwaterlevelfellsignificantly.
4556,the
4557,the
4558,germany.
4559,the
4560,the
4561,between
4562,between
4563,erosion.
4564,between
4565,between
4566,manycastlesandvineyards.
4567,until
4568,until
4569,drinkingwater.
4570,until
4571,waterpollution.
4572,until
4573,until
4574,tourism.
4575,the
4576,tourism.
4577,unescoworldheritagesites.
4578,the
4579,the
4580,the
4581,from
4582,from
4583,the
4584,the
4585,the
4586,hollingskey.
4587,the
4588,the
4589,the
4590,the
4591,tidalcurrents.
4592,becausestrongtidalcurrentscouldcarryhugeareasoflandintothesea.
4593,in
4594,in
4595,in
4596,in
4597,from
4598,iceages.
4599,around
4600,
4601,the
4602,the
4603,glacier.
4604,asnorthwesthearitslowlybegantowarmupfromtwentytwopaoloyearsagoonwordfrozensubsoilanexpandedalpineglaciersbegantofindfallwintersnowcoversmeltedinspring.muchofthedischargewasroutedtotherhineanditsdownstreamextension.
4605,at
4606,since
4607,since
4608,atpresentthebrancheswallingthatherintellectdischargetothenorthseathroughtheformermissestuarynearrotterdam.
4609,freshwaterlake.
4610,at
4611,gallinggermania.
4612,upperdanube.
4613,fromthedeathofaugustusthenaddfourteenuntilafterandseventyromeexceptedashergermanicfrontierthewaterboundaryoftherhineandupperdanube.
4614,from
4615,the
4616,the
4617,whetheraskaterthreatofwarexisted.
4618,germanic
4619,germanic
4620,germanic
4621,germanic
4622,hagen.
4623,
4624,since
4625,since
4626,since
4627,at
4628,at
4629,adolfhitlersrisetopower.
4630,inworldwarhehewasrecognizedthattherhinewouldpresentaformidablenaturalobstacletotheinvasiongermanybythewesternallies.
4631,in
4632,
4633,following
4634,following
4635,parliamentoftheunitedkingdom.
4636,theparliamentoftheunitedkingdom.
4637,for
4638,duetotheoutbreakofthefirstworldwar.
4639,for
4640,during
4641,under
4642,under
4643,
4644,throughout
4645,throughout
4646,throughout
4647,since
4648,since
4649,whilst
4650,whilst
4651,whilst
4652,in
4653,in
4654,in
4655,after
4656,as
4657,as
4658,as
4659,as
4660,reflectsthedesiretoencourageconsensusamongstelectedmembers.
4661,the
4662,in
4663,in
4664,in
4665,wisdomcompassionjusticeandintegrity.
4666,aglasscasesuspendedfromthelead.
4667,parliamenttypicallysixtuesdayswednesdaysandthursdaysfromearlyjanuarytolatejuneandfromearlyseptembertomiddecemberwithtwoweekrecessisinaprilinoctober.
4668,parliament
4669,thepublic.
4670,parliament
4671,parliament
4672,the
4673,the
4674,the
4675,the
4676,
4677,the
4678,the
4679,the
4680,the
4681,each
4682,
4683,seconds.
4684,the
4685,the
4686,the
4687,
4688,immediatelyafterdecisiontimeamemberisthedayisheldwhichlastsforfortyfiveminutes.
4689,immediately
4690,immediatelyafterdecisiontimeamemberisthedayisheldwhichlastsforfortyfiveminutes.membersbusinessisthatthebaitonamotionproposedbyamanashewhoisnotascottishminister.
4691,immediately
4692,diningcommittee.
4693,much
4694,thereisnorevisingchamber.
4695,duckinquiriesandscrutinizelegislation.
4696,
4697,thebalanceofpartiesacrossparliament.
4698,committees
4699,committees
4700,subject
4701,subject
4702,subject
4703,subject
4704,for
4705,for
4706,for
4707,devolvedcompetencies.
4708,this
4709,this
4710,scottishparliament.
4711,the
4712,reserved
4713,reserved
4714,reservedmattershersubjectsthatareoutsidethelegislativecompetenceofthescotlandparliament.
4715,scotlandparliament.
4716,built
4717,built
4718,anumberofstages.
4719,stage
4720,stage
4721,stage
4722,stage
4723,stage
4724,stage
4725,stage
4726,royalistsentafterthatbillhasbeenpassedthepresidingofficersubmitsittothemonarchforroyalistsandanditbecomesenactedthescottishparliament.
4727,royalist
4728,the
4729,the
4730,the
4731,thesovereign.
4732,under
4733,under
4734,
4735,several
4736,several
4737,issuesrelatedtothesubstanceofthestatement.
4738,parliamentary
4739,parliamentary
4740,anymemberofthescottishgovernment.
4741,parliamentary
4742,parliamentary
4743,the
4744,the
4745,the
4746,the
4747,as
4748,theelectionproducethemajoritysandpgovernmentmakingthisthefirsttimeinthescottishparliamentwhereapartyhascommandedaparliamentarymajority.
4749,the
4750,scottishindependence.
4751,for
4752,for
4753,for
4754,for
4755,for
4756,a
4757,a
4758,england.
4759,islam
4760,islam
4761,islam
4762,islam
4763,moderate
4764,moderate
4765,
4766,moderate
4767,
4768,muslimbrotherhood.
4769,another
4770,another
4771,tomaintaintheirlegitimacy.
4772,islam
4773,islam
4774,islam
4775,religionfrompolitics.
4776,islamic
4777,islamic
4778,islamic
4779,dangerousenemies.
4780,during
4781,during
4782,during
4783,during
4784,the
4785,the
4786,the
4787,the
4788,the
4789,the
4790,the
4791,the
4792,the
4793,islamic
4794,islamic
4795,rhetoric.
4796,islamic
4797,it
4798,politicalinfluence.
4799,pakistanmovement.
4800,sigh
4801,sigh
4802,sigh
4803,sigh
4804,mydaddyelsesobelievethatmuslimsocietycouldnotbeislamicwithoutsureyeahandaslongrequiredtheestablishmentofanislamicstate.
4805,my
4806,my
4807,my
4808,roughly
4809,roughly
4810,some
4811,despite
4812,the
4813,the
4814,the
4815,the
4816,westerngovernments.
4817,the
4818,the
4819,in
4820,in
4821,
4822,in
4823,another
4824,anotherfactorintheearlynineteenninetiesthatworktoradicalizetheislamistmovementwasthegulfwarwhichbroughtseveralhundredthousandsandalliednonmuslimmilitarypersonneltosaudiarabiansoiltoputanendtosaddamhusseins
4825,another
4826,another
4827,thewest.
4828,these
4829,these
4830,these
4831,well
4832,the
4833,the
4834,the
4835,another
4836,another
4837,another
4838,another
4839,for
4840,callingforthedestructionofisraelandtheestablishmentofanislamicstateinpalestine.
4841,for
4842,for
4843,hamas
4844,hamas
4845,hamas
4846,for
4847,for
4848,
4849,withthehelpofthemilitary.
4850,after
4851,and
4852,and
4853,in
4854,in
4855,inafghanistandamageonthedeansvictoryagainstthesovietunioninthenineteeneightiesdidnotleadtojusticeandprosperitydotooambitiousanddestructivecivilwarbetweenpoliticalintribalwarlordsmakingafghanistanoneofthepoorestcountriesonearth.
4856,the
4857,neighboringpakistan.
4858,meansofseizingpower.
4859,the
4860,the
4861,the
4862,the
4863,originating
4864,in
4865,in
4866,mustafakemalataturk.
4867,h
4868,h
4869,h
4870,h
4871,greater
4872,theus.governmenthasengagedineffortstocounterislamisonorviolentislamissomesincetwothousandone.theseeffortswerecenteredintheus.aroundpublicdiplomacyprogramsconductedbythestatedepartment.
4873,the
4874,the
4875,imperialism
4876,imperialism
4877,imperialism
4878,technologiesandideas.
4879,imperialism
4880,imperialism
4881,imperialism
4882,powerfulformofdominance.
4883,forcefully.
4884,the
4885,aggressiveness.
4886,the
4887,the
4888,thewordempirecomesfromthelatinwordinhereyouforwhichtheclosestmodernenglishequivalentwouldperhapsbesovereigntyorsimplyroll.thegreatestdistinctionofanempireisthroughtheamountoflanddetonationhasconqueredandexpanded.
4889,the
4890,the
4891,othernations.
4892,the
4893,the
4894,the
4895,simplythedevelopmentforsettlementorcommercialintentions.
4896,the
4897,imperialism
4898,imperialism
4899,imperialism
4900,imperialism
4901,imperialism
4902,a
4903,a
4904,the
4905,the
4906,the
4907,the
4908,geographical
4909,geographical
4910,geographical
4911,geographical
4912,the
4913,the
4914,the
4915,imaginativegeographyoftheeast.
4916,oriental
4917,oriental
4918,oriental
4919,to
4920,
4921,to
4922,imperialism
4923,imperialism
4924,imperialism
4925,imperialism
4926,cultural
4927,cultural
4928,cultural
4929,cultural
4930,cultural
4931,the
4932,the
4933,during
4934,during
4935,during
4936,europe
4937,europe
4938,along
4939,along
4940,along
4941,along
4942,along
4943,in
4944,in
4945,westernpower.
4946,historiansandpoliticaltheorists.
4947,the
4948,the
4949,the
4950,the
4951,the
4952,the
4953,the
4954,according
4955,thesixteenthcentury.
4956,britain
4957,
4958,britain
4959,
4960,france
4961,
4962,bringingchristianityandfrenchculture.
4963,it
4964,christianityandfrenchculture.
4965,it
4966,in
4967,in
4968,in
4969,from
4970,from
4971,
4972,not
4973,europeitself.
4974,howeverineighteeneightythreetoeightyfourgermanybegantobuildacolonialempireinafricaandthesouthpacificbeforelosinginterestinimperialism.
4975,howeverineighteeneightythreetoeightyfourgermanybegantobuildacolonialempireinafricaandthesouthpacificbeforelosinginterestinimperialism.
4976,however
4977,however
4978,during
4979,during
4980,bolshevik
4981,bolshevik
4982,
4983,bolshevik
4984,tr
4985,tr
4986,tr
4987,tr
4988,the
4989,the
4990,the
4991,the
4992,the
4993,asiaandthemiddleeast.
4994,the
4995,the
4996,the
4997,the
4998,one
4999,some
5000,some
5001,some
5002,with
5003,with
5004,with
5005,the
5006,wesleyan.
5007,the
5008,the
5009,churchofengland.
5010,inseventeenthirtyfivejohnandcharleswesleywenttoamericatoteachthegospeltotheamericanindiansinthecolonyofgeorgia.
5011,in
5012,salvationbygodsgraceacquiredthroughfaithinchrist.
5013,thoughjohnwesleyoriginallywantedthemethodisttostaywithinthechurchofenglandtheamericanrevolutiondecisivelyseparatedthemethodistintheamericancoloniesfromthelifeandsacramentsoftheanglicanchurch.
5014,though
5015,though
5016,richard
5017,dallastexas.
5018,on
5019,the
5020,the
5021,the
5022,some
5023,preventinggraceorthegracethatgoesbeforeusisgiventoallpeople.itisthatpowerwhichenablesustoloveandmotivatesistoseekarelationshipwithgodthroughjesuschrist.
5024,giventoallpeople.
5025,preventing
5026,justify
5027,justify
5028,justify
5029,justify
5030,newbirth.
5031,san
5032,san
5033,wesleyan
5034,wesleyan
5035,wesleyan
5036,the
5037,thegeneralboardofchurchandsocietyandtheunitedmethodistwomen.
5038,the
5039,the
5040,members
5041,temperancemovement.
5042,historically
5043,the
5044,the
5045,the
5046,the
5047,the
5048,christsmessageandteachings.
5049,the
5050,the
5051,the
5052,the
5053,the
5054,the
5055,the
5056,the
5057,africa.
5058,anglicantraditionsbookofcommonprayer.
5059,mechanisms
5060,mechanisms
5061,the
5062,the
5063,the
5064,the
5065,everyfouryearsquadrennial.
5066,subordinate
5067,subordinate
5068,toelectandappointbishopsthechiefadministratorsofthechurch.
5069,subordinate
5070,churchbishops.
5071,churchbishops.
5072,these
5073,the
5074,the
5075,the
5076,twiceayearatvariouslocationsthroughouttheworld.
5077,the
5078,thegeographicalareaitcoversaswellasthefrequencyofmeeting.
5079,the
5080,the
5081,the
5082,the
5083,the
5084,the
5085,throughout
5086,throughout
5087,the
5088,the
5089,annualconferenceorderofelders.
5090,annualconferenceorderofelders.
5091,all
5092,all
5093,all
5094,elders
5095,elders
5096,elders
5097,the
5098,the
5099,at
5100,local
5101,local
5102,local
5103,local
5104,the
5105,throughconfirmationandsometimestheprofessionoffaith.
5106,throughconfirmationandsometimestheprofessionoffaith.
5107,unlike
5108,ordertoprofesstheirultimatefaithinchrist.
5109,unlike
5110,another
5111,another
5112,another
5113,the
5114,the
5115,like
5116,the
5117,the
5118,the
5119,the
5120,in
5121,in
5122,after
5123,after
5124,the
5125,the
5126,the
5127,
5128,franceandgreatbritain.
5129,in
5130,british
5131,interior.
5132,nativetribes.
5133,in
5134,further
5135,further
5136,further
5137,at
5138,at
5139,at
5140,toldthemtoleave.
5141,when
5142,inhisextensivelydetailtoreportsomelowerontheroadallicansayisthatthenativesoftheselocalitiesareverybadlydisposedtowardsthefrenchandareentirelydevotedtotheenglish.
5143,in
5144,in
5145,in
5146,in
5147,the
5148,the
5149,on
5150,the
5151,the
5152,governor
5153,governor
5154,jo
5155,even
5156,after
5157,after
5158,after
5159,news
5160,news
5161,
5162,an
5163,an
5164,an
5165,an
5166,brandon
5167,brandon
5168,brandon
5169,shirleyandjohnson.
5170,thefrenchacquiredacopyofthebritishwarplanesincludingtheactivitiesofshirleyandjohnson.shirleyseffortstofortifyaswegowereboggeddowninlogisticaldifficultieseggsassergeibyshirleysinexperienceinmanaginglargeexpeditions.
5171,fortniagara.
5172,johnson
5173,johnson
5174,johnson
5175,colonel
5176,following
5177,newcastle
5178,governor
5179,the
5180,the
5181,the
5182,loading
5183,
5184,french
5185,french
5186,though
5187,dukeofcumberland.
5188,the
5189,the
5190,in
5191,in
5192,in
5193,generalamherst.
5194,the
5195,the
5196,britain
5197,britain
5198,
5199,following
5200,for
5201,for
5202,for
5203,for
5204,philosophers
5205,
5206,philosophers
5207,nearlythreehundredyears.
5208,philosophers
5209,with
5210,with
5211,with
5212,aristotle
5213,aristotle
5214,aristotle
5215,
5216,aninnateforceofimpotence.
5217,the
5218,friction.
5219,newton
5220,newton
5221,newton
5222,newton
5223,for
5224,for
5225,for
5226,the
5227,the
5228,the
5229,the
5230,the
5231,newton
5232,newton
5233,newton
5234,newton
5235,newton
5236,newton
5237,newton
5238,this
5239,this
5240,this
5241,since
5242,since
5243,newtonianmechanics.
5244,
5245,forces
5246,forces
5247,forces
5248,forces
5249,historically
5250,magnitudeanddirection.
5251,historically
5252,historically
5253,as
5254,aswellasbeingaddedforcescanalsoberesolvedintoindependentcomponentsatrightanglestoeachother.horizontalforcepointingnortheastcanthereforebesplitintotwoforcesonepointingnorthandonepointingeast.
5255,
5256,
5257,pushing
5258,pushing
5259,pushing
5260,pushing
5261,a
5262,a
5263,theobjectsawake.
5264,a
5265,a
5266,dynamic
5267,rest.
5268,dynamic
5269,dynamic
5270,as
5271,as
5272,as
5273,as
5274,the
5275,newtonianequations.
5276,the
5277,the
5278,the
5279,however
5280,however
5281,however
5282,in
5283,in
5284,in
5285,in
5286,in
5287,all
5288,all
5289,all
5290,masses.
5291,the
5292,the
5293,isaacnewton.
5294,isaacnewton.
5295,well
5296,well
5297,newtoncametorealizethattheeffectsofgravitymightbeobservedindifferentwaysthatlargerdistances.
5298,newton
5299,massoftheattractingbody.
5300,newton
5301,in
5302,in
5303,he
5304,he
5305,he
5306,he
5307,since
5308,since
5309,gravitationalforce.
5310,since
5311,through
5312,through
5313,through
5314,the
5315,the
5316,however
5317,quantummechanics.
5318,photons.
5319,is
5320,is
5321,elementaryparticles.
5322,thestrongforceonlyactdirectlyuponelementaryparticles.
5323,thestrongforceonlyactdirectlyuponelementaryparticles.
5324,the
5325,the
5326,the
5327,tension
5328,tension
5329,tension
5330,
5331,newton
5332,newton
5333,newton
5334,where
5335,torches
5336,ananalogousequationfortheinstantaneousangularaccelerationoftherigidbody.
5337,towardthecenterofthecurvingpath.
5338,thedirectionofthevelocityvector.
5339,were
5340,were
5341,a
5342,a
5343,a
5344,a
5345,a
5346,for
5347,for
5348,statisticalmechanics.
5349,the
5350,the
